4,1003,30,35,105,45,50,1020,53,1,1024,6,1028,14,16,1010,20,1015,23,24,1013
5,1000,28,35,780,41,48,1018,52,1,1022,6,1026,14,16,1009,20,1015,22,24,1014
11,978,30,38,378,41,49,1018,53,1,1023,6,1027,14,16,1009,19,1016,22,24,1013
4,997,28,34,901,41,49,1018,53,3,1024,7,1028,14,17,1009,20,1016,22,24,1013
4,987,29,31,739,41,48,1019,53,1,1024,9,1028,14,17,1010,20,1016,22,24,1014
11,993,28,38,941,45,48,1018,53,1,1024,9,1028,14,17,1009,19,1016,23,24,1013
11,987,28,34,523,43,50,1019,53,1,1024,7,1028,14,16,1009,20,1015,22,24,1013
5,993,28,32,843,41,48,1018,53,1,1022,8,1026,14,15,1009,21,1015,23,24,1013
11,978,28,35,552,44,49,1018,51,1,1024,6,1028,14,16,1009,19,1015,22,24,1013
5,991,30,31,754,41,46,1020,54,1,1022,8,1026,14,16,1010,21,1015,22,24,1014
5,978,28,31,164,41,47,1019,52,1,1021,8,1025,14,15,1009,20,1015,22,24,1014
4,1000,28,40,700,41,47,1019,52,1,1024,7,1028,14,15,1009,20,1015,22,24,1014
5,978,28,35,271,41,48,1017,52,1,1021,8,1025,14,16,1009,20,1015,23,24,1013
4,987,30,31,115,41,50,1020,53,1,1024,8,1028,14,16,1010,19,1015,22,24,1014
4,981,28,31,209,41,48,1018,52,1,1024,8,1028,14,15,1009,20,1015,22,24,1013
4,987,28,35,157,42,48,1020,52,1,1022,8,1026,14,16,1009,19,1015,22,24,1014
11,987,30,35,452,45,50,1020,53,1,1024,7,1028,14,16,1010,20,1015,22,24,1013
4,991,26,40,911,45,47,1018,53,1,1023,8,1027,12,16,1011,20,1015,22,24,1013
5,987,28,32,146,41,50,1020,52,1,1022,9,1026,14,17,1009,21,1015,23,24,1014
11,987,28,35,601,43,50,1019,53,1,1022,8,1026,14,16,1009,20,1016,23,24,1013
11,1008,30,31,389,41,48,1020,53,1,1024,8,1028,14,16,1011,20,1015,23,24,1013
4,1003,28,35,487,43,48,1018,53,1,1023,6,1027,14,15,1009,20,1016,22,24,1013
4,976,30,31,410,41,47,1017,53,1,1023,6,1027,14,15,1010,19,1016,22,25,1013
5,978,30,32,309,42,47,1019,53,1,1024,7,1028,14,16,1009,20,1015,22,24,1013
11,976,30,34,375,45,48,1018,54,1,1021,8,1025,14,16,1010,20,1015,22,25,1013
4,1003,28,34,197,41,48,1017,53,1,1022,6,1026,12,16,1009,19,1015,23,24,1013
11,1003,26,35,694,41,50,1020,54,1,1024,8,1028,14,16,1009,19,1015,22,24,1013
10,978,27,35,682,44,48,1019,52,1,1023,6,1027,14,15,1010,20,1015,22,24,1013
5,1005,28,35,451,41,48,1019,53,3,1022,6,1026,14,16,1009,20,1015,22,24,1013
4,1004,29,40,835,41,50,1019,53,1,1024,9,1028,14,16,1010,20,1015,23,24,1014
5,983,28,40,337,44,47,1019,54,1,1023,6,1027,12,16,1009,20,1015,23,24,1013
4,987,28,34,679,41,48,1018,53,1,1022,8,1026,13,16,1009,20,1015,22,24,1013
5,983,28,31,777,42,48,1018,53,1,1022,8,1026,14,16,1010,20,1015,23,24,1013
11,978,30,40,150,45,50,1020,53,1,1024,9,1028,14,15,1009,19,1015,22,24,1013
10,978,28,34,234,41,47,1020,52,1,1021,7,1025,12,16,1009,21,1015,23,24,1013
5,998,30,35,729,41,47,1020,53,1,1022,7,1026,14,16,1010,19,1015,22,24,1014
11,1000,30,38,788,41,48,1017,53,1,1023,9,1027,12,17,1009,20,1015,23,24,1013
10,983,28,35,379,41,48,1020,53,2,1022,6,1026,13,16,1009,20,1015,22,24,1014
10,976,28,36,132,41,48,1018,53,1,1022,8,1026,14,16,1009,20,1015,23,24,1013
5,1008,28,35,715,41,48,1020,53,1,1023,6,1027,14,16,1009,20,1015,22,24,1013
11,991,28,35,435,43,50,1020,53,1,1022,8,1026,12,16,1009,21,1015,22,24,1013
5,978,28,35,100,43,48,1019,51,1,1021,8,1025,14,16,1009,20,1015,23,24,1013
5,983,29,37,794,41,48,1018,53,1,1024,6,1028,14,16,1009,19,1016,23,24,1013
4,991,30,32,792,42,49,1017,54,1,1024,8,1028,14,15,1010,20,1015,22,24,1013
4,1000,30,32,789,41,50,1020,52,1,1024,9,1028,13,17,1010,19,1015,22,24,1014
11,977,30,31,206,41,47,1020,52,1,1024,8,1028,14,16,1010,21,1015,22,24,1013
11,993,28,35,422,43,50,1020,53,1,1024,8,1028,14,16,1009,20,1015,22,24,1013
4,1003,28,32,188,43,46,1017,52,1,1022,7,1026,14,15,1009,18,1015,23,24,1013
11,977,30,31,859,41,48,1017,53,1,1024,7,1028,14,16,1010,19,1015,22,24,1013
11,978,28,35,376,42,48,1020,52,2,1022,6,1026,14,16,1009,20,1015,22,24,1013
5,987,29,34,435,45,47,1020,53,1,1022,7,1026,12,16,1009,19,1015,22,24,1013
5,989,29,32,782,41,50,1017,53,1,1022,8,1026,14,16,1010,21,1015,23,24,1013
11,978,28,35,149,41,48,1019,53,1,1022,8,1026,14,16,1009,20,1015,22,24,1013
11,983,28,32,588,45,48,1018,53,1,1021,7,1025,14,16,1009,20,1015,23,24,1013
5,993,29,31,407,41,50,1020,53,1,1024,9,1028,12,17,1010,20,1015,23,24,1014
11,1003,27,31,898,45,48,1017,53,3,1022,6,1026,13,16,1009,19,1016,22,24,1013
5,978,28,35,815,45,46,1018,53,1,1021,9,1025,14,16,1009,21,1015,23,24,1014
11,993,30,35,963,41,48,1018,52,1,1022,8,1026,13,16,1010,20,1015,22,24,1013
10,983,28,31,354,41,50,1019,52,1,1022,8,1026,14,16,1009,21,1015,22,24,1013
4,993,30,34,796,41,47,1020,52,2,1024,9,1028,14,15,1010,19,1015,23,24,1014
5,1008,28,40,205,41,48,1018,54,1,1021,6,1025,12,16,1009,20,1015,23,24,1013
5,981,30,35,258,45,50,1020,53,3,1024,6,1028,14,16,1010,20,1015,23,24,1013
5,993,26,40,352,41,50,1020,53,1,1024,9,1028,14,17,1009,21,1015,23,24,1014
5,1000,26,40,223,41,48,1018,53,1,1022,8,1026,14,16,1009,20,1015,23,24,1014
11,987,28,35,570,41,47,1020,52,1,1024,7,1028,14,16,1009,20,1015,23,24,1013
11,989,28,37,752,45,50,1020,53,1,1024,7,1028,14,16,1012,20,1016,23,24,1013
11,978,28,35,398,41,47,1018,52,1,1022,8,1026,12,16,1009,20,1015,22,24,1013
5,978,28,31,55,44,48,1020,54,1,1021,6,1025,14,16,1009,20,1015,22,24,1013
11,993,28,38,312,41,48,1020,53,1,1024,9,1028,13,17,1009,20,1015,23,24,1014
11,993,28,35,447,45,48,1020,52,1,1024,8,1028,14,16,1009,20,1015,22,24,1013
11,993,28,32,913,41,48,1017,52,1,1022,7,1026,12,16,1009,20,1015,22,24,1013
11,1005,30,35,864,45,50,1020,53,1,1022,7,1026,14,15,1010,19,1015,23,24,1013
4,1007,30,33,103,41,50,1019,53,1,1024,9,1028,12,17,1010,21,1016,23,24,1013
5,997,30,40,781,41,49,1018,52,1,1021,6,1025,12,16,1010,19,1015,22,24,1013
4,993,28,38,358,45,50,1020,53,1,1024,9,1028,14,16,1009,21,1015,23,24,1014
4,978,30,32,253,41,50,1020,53,1,1024,9,1028,14,17,1010,21,1015,22,24,1013
4,997,28,35,671,41,47,1020,53,1,1023,8,1027,14,16,1009,20,1015,22,24,1014
5,977,29,35,730,41,49,1018,53,1,1024,7,1028,14,16,1009,20,1015,22,24,1013
11,1002,26,32,959,45,48,1018,53,1,1022,7,1026,14,16,1009,19,1016,22,24,1013
5,991,28,34,652,41,47,1018,54,1,1021,7,1025,14,16,1009,20,1015,22,24,1013
11,987,28,35,779,45,47,1017,52,1,1021,8,1025,14,16,1010,20,1015,23,24,1014
11,981,28,35,124,43,50,1020,53,1,1023,7,1027,13,16,1009,20,1015,23,24,1013
11,983,28,40,273,42,48,1019,52,1,1024,7,1028,14,15,1009,19,1015,22,24,1013
4,987,28,33,302,41,50,1020,52,3,1024,6,1028,14,16,1009,19,1015,23,24,1013
4,976,28,35,426,41,50,1019,53,1,1024,6,1028,14,16,1009,19,1015,22,24,1013
11,978,30,40,212,41,48,1020,52,3,1022,6,1026,14,16,1010,21,1015,23,24,1013
5,983,30,34,164,41,47,1020,52,1,1021,7,1025,14,16,1010,20,1015,22,24,1013
5,993,28,38,148,42,48,1017,53,1,1024,9,1028,14,17,1009,20,1016,23,24,1014
4,983,28,31,413,42,49,1020,53,1,1023,8,1027,14,16,1009,21,1016,23,24,1013
4,978,26,37,88,41,49,1020,53,1,1023,6,1027,14,16,1010,20,1015,22,24,1014
11,978,30,35,791,41,50,1020,53,1,1024,6,1028,14,16,1009,20,1015,22,24,1013
4,978,30,32,210,41,50,1020,53,1,1023,6,1027,14,16,1009,20,1015,22,24,1013
11,978,30,35,905,45,50,1020,52,1,1023,7,1027,12,16,1009,19,1016,22,24,1014
10,987,30,34,629,45,50,1020,53,2,1024,9,1028,14,15,1010,20,1015,22,24,1013
5,978,28,31,175,44,50,1020,53,1,1024,6,1028,14,16,1009,20,1015,23,24,1013
5,1002,26,40,283,41,47,1019,53,1,1024,9,1028,14,15,1009,20,1015,23,24,1014
11,978,30,38,365,45,49,1020,52,1,1022,8,1026,14,16,1009,20,1015,22,24,1013
5,983,28,40,483,42,48,1020,53,1,1024,8,1028,14,16,1009,20,1015,22,24,1013
5,993,30,35,436,41,50,1020,53,1,1024,6,1028,14,16,1009,20,1015,22,24,1013
5,984,29,32,849,45,49,1019,53,1,1024,7,1028,12,15,1010,21,1016,23,24,1013
11,987,28,31,231,42,50,1020,54,1,1024,6,1028,14,15,1009,19,1015,22,24,1013
5,993,28,35,429,41,49,1020,53,1,1024,8,1028,14,15,1009,20,1015,22,24,1013
11,1003,29,35,954,41,48,1019,52,1,1022,6,1026,14,16,1009,20,1015,22,24,1013
5,1008,30,34,338,41,49,1020,53,1,1023,8,1027,14,15,1009,20,1015,23,24,1013
11,978,28,32,456,45,47,1018,54,1,1024,8,1028,14,15,1009,20,1015,23,24,1013
5,987,30,33,113,41,48,1018,53,2,1023,8,1027,14,16,1010,21,1016,23,24,1014
11,983,27,31,814,41,50,1018,53,1,1024,9,1028,12,16,1010,21,1016,23,24,1014
5,978,28,31,786,41,49,1018,53,1,1022,8,1026,14,16,1009,20,1015,22,24,1013
4,987,28,34,891,45,47,1017,52,1,1022,7,1026,14,16,1009,20,1015,23,25,1013
5,980,28,40,211,43,50,1017,54,1,1022,6,1026,14,16,1009,20,1015,23,24,1013
5,1003,29,40,226,42,50,1017,51,1,1022,8,1026,12,16,1010,20,1016,22,24,1013
10,981,28,38,666,41,47,1020,52,1,1024,7,1028,14,15,1009,20,1015,23,24,1013
5,983,28,31,799,41,49,1019,53,1,1023,6,1027,14,15,1009,19,1015,22,24,1013
11,993,30,31,899,41,48,1020,52,1,1022,6,1026,13,16,1010,20,1015,23,24,1014
4,978,28,35,294,43,50,1019,54,1,1021,6,1025,14,16,1009,20,1015,22,24,1013
11,1000,30,35,622,45,50,1020,53,1,1021,6,1025,14,16,1009,20,1015,23,24,1013
4,997,28,35,857,45,49,1020,52,1,1023,8,1027,14,16,1009,21,1015,23,24,1014
4,976,30,34,387,45,47,1018,52,2,1023,6,1027,14,15,1010,20,1015,22,25,1013
4,992,30,34,698,43,48,1017,52,1,1024,8,1028,14,16,1010,20,1015,22,24,1014
5,978,30,31,442,43,49,1019,51,1,1023,8,1027,14,16,1009,21,1015,23,24,1013
4,985,28,35,316,41,48,1019,52,1,1022,6,1026,14,16,1010,20,1015,23,24,1014
11,987,30,32,659,41,50,1020,52,1,1022,8,1026,14,15,1010,21,1015,23,24,1013
11,978,28,34,304,41,48,1019,53,1,1022,6,1026,14,15,1009,19,1015,22,24,1013
10,976,30,31,895,41,50,1020,53,1,1024,9,1028,14,17,1010,20,1015,23,24,1013
5,983,28,34,340,45,47,1020,52,1,1023,6,1027,14,15,1009,20,1015,22,24,1014
4,978,30,31,384,41,48,1020,53,1,1022,7,1026,14,16,1010,20,1015,22,24,1013
4,978,28,35,848,41,48,1020,54,1,1022,6,1026,14,16,1009,19,1015,22,24,1013
5,978,28,37,809,41,48,1020,53,1,1022,8,1026,14,16,1009,20,1015,22,24,1014
5,978,30,32,323,41,46,1020,53,1,1022,8,1026,14,16,1010,21,1015,23,24,1013
4,978,30,31,609,41,48,1019,52,2,1022,6,1026,14,16,1010,20,1015,22,24,1014
5,1000,28,31,923,45,49,1017,52,1,1022,8,1026,14,16,1009,20,1015,22,24,1013
4,993,29,38,841,41,48,1020,53,1,1023,7,1027,13,16,1009,20,1015,23,24,1014
11,981,28,34,497,41,47,1018,53,1,1023,7,1027,12,16,1010,19,1015,22,24,1013
11,983,28,34,361,41,48,1020,53,1,1024,9,1028,12,17,1010,20,1015,22,24,1013
11,1004,28,35,57,42,49,1018,52,1,1024,6,1028,14,16,1009,20,1015,23,24,1013
11,978,30,35,140,45,50,1020,52,1,1022,6,1026,14,16,1010,20,1015,23,24,1013
11,989,29,32,926,44,48,1018,53,1,1022,8,1026,14,16,1010,20,1015,22,24,1013
5,978,28,35,888,43,48,1020,53,1,1023,6,1027,14,16,1009,19,1015,22,24,1014
5,981,30,35,500,45,49,1020,53,3,1022,6,1026,12,16,1011,20,1015,23,24,1013
10,978,28,35,328,41,48,1018,52,1,1022,8,1026,14,15,1009,19,1015,23,24,1013
10,1003,28,31,852,44,47,1018,54,1,1022,6,1026,14,16,1009,18,1015,22,25,1013
5,993,28,35,732,41,47,1020,52,1,1021,9,1025,14,16,1009,21,1015,23,24,1013
4,989,28,35,598,41,48,1019,53,1,1022,8,1026,14,16,1009,21,1015,22,24,1013
4,983,28,34,457,41,48,1018,53,1,1022,8,1026,14,16,1009,20,1015,22,24,1014
11,985,30,34,420,41,47,1020,52,1,1024,7,1028,14,16,1009,20,1015,23,24,1013
5,1000,27,40,618,42,49,1020,53,1,1022,8,1026,14,16,1009,20,1015,22,24,1013
4,1003,30,31,925,41,50,1017,52,1,1024,9,1028,14,16,1010,20,1015,23,24,1013
11,978,30,31,833,42,49,1020,52,1,1023,8,1027,14,16,1010,20,1015,23,24,1013
4,993,30,34,759,41,48,1019,53,3,1022,7,1026,14,16,1010,20,1015,22,24,1013
11,983,30,35,278,44,50,1020,53,1,1024,8,1028,14,16,1010,20,1015,22,24,1013
11,1003,28,35,186,42,50,1018,53,1,1024,9,1028,12,17,1009,20,1016,23,24,1013
11,976,28,35,340,41,48,1017,53,1,1024,7,1028,14,16,1009,20,1015,23,25,1013
10,993,28,35,775,41,48,1020,53,1,1021,8,1025,14,16,1009,20,1015,22,24,1013
5,987,30,32,892,44,50,1018,52,1,1024,9,1028,14,15,1009,20,1015,22,24,1013
5,987,29,40,844,42,49,1020,53,1,1024,8,1028,14,15,1009,21,1015,23,24,1013
4,978,28,34,157,41,48,1018,52,1,1024,8,1028,14,15,1009,20,1015,22,24,1014
4,1008,30,37,161,42,50,1019,53,3,1024,6,1028,14,16,1010,20,1016,22,25,1013
4,978,27,39,593,41,50,1020,54,1,1021,8,1025,12,16,1009,19,1015,22,24,1013
5,987,28,31,611,42,49,1018,53,1,1023,8,1027,12,16,1010,20,1015,23,24,1013
11,1003,30,35,333,45,48,1017,53,1,1022,6,1026,14,16,1010,19,1016,22,24,1013
11,987,30,35,528,42,50,1019,53,1,1024,6,1028,14,16,1009,20,1016,23,24,1013
11,983,30,31,72,41,47,1020,52,1,1021,7,1025,14,16,1010,20,1015,22,24,1013
11,981,28,36,149,43,49,1020,53,1,1023,7,1027,14,16,1010,20,1015,23,24,1013
5,976,28,31,865,41,46,1018,53,1,1024,9,1028,12,17,1009,21,1015,23,24,1013
11,993,28,31,943,43,50,1020,53,1,1024,7,1028,14,16,1009,20,1015,22,24,1013
11,1003,28,34,540,43,48,1017,53,1,1022,8,1026,14,16,1009,20,1015,23,24,1013
4,983,28,34,92,41,46,1020,52,1,1022,8,1026,14,16,1009,20,1015,22,24,1014
5,977,28,34,277,44,47,1020,52,1,1021,6,1025,14,16,1009,20,1015,22,24,1013
11,987,28,34,673,41,49,1018,52,1,1024,7,1028,14,15,1009,20,1015,23,24,1013
5,987,30,40,345,41,50,1020,51,1,1024,6,1028,14,16,1010,20,1015,23,24,1014
4,981,26,31,961,41,50,1020,53,1,1023,8,1027,14,15,1010,20,1016,22,24,1014
11,978,28,34,887,41,48,1020,52,1,1021,6,1025,14,16,1009,20,1015,23,24,1013
5,987,29,34,374,41,46,1019,52,1,1022,7,1026,14,16,1009,21,1015,23,24,1014
5,1007,28,35,214,41,48,1020,53,3,1022,6,1026,14,16,1009,20,1015,22,25,1013
4,985,29,38,597,41,47,1018,53,1,1021,7,1025,14,16,1010,20,1015,22,24,1014
11,991,27,32,877,45,46,1020,52,1,1021,6,1025,12,16,1009,21,1015,23,24,1014
4,978,28,34,474,41,48,1018,51,1,1021,8,1025,14,16,1009,20,1015,22,24,1013
4,1003,30,35,589,43,50,1020,53,1,1024,8,1028,14,16,1010,20,1015,22,24,1013
11,978,28,35,355,41,49,1020,53,1,1022,8,1026,14,15,1010,21,1016,23,24,1013
4,985,30,31,766,41,50,1020,53,1,1024,6,1028,14,16,1010,20,1015,22,24,1013
11,993,29,40,964,41,47,1017,51,1,1021,8,1025,14,16,1010,20,1015,22,24,1014
5,993,29,40,707,41,48,1018,51,1,1022,6,1026,13,16,1010,21,1015,23,24,1014
4,985,27,31,289,45,48,1020,53,1,1022,7,1026,14,16,1010,19,1016,22,24,1014
11,987,30,34,648,44,48,1020,53,1,1024,6,1028,14,16,1009,20,1015,23,24,1013
5,983,30,31,931,41,50,1020,53,1,1024,8,1028,12,16,1009,20,1016,23,24,1014
11,981,30,35,191,41,48,1020,53,1,1022,7,1026,14,16,1010,20,1015,22,24,1013
5,1008,27,32,747,41,50,1018,52,1,1024,9,1028,12,17,1009,21,1016,23,24,1014
5,982,30,31,106,41,46,1018,53,1,1023,8,1027,14,17,1011,18,1015,23,24,1013
4,978,28,35,829,42,49,1020,54,1,1021,7,1025,14,16,1009,20,1015,22,24,1014
5,983,26,34,578,41,48,1017,52,1,1024,8,1028,12,16,1010,20,1015,23,24,1013
11,987,28,40,717,44,48,1018,53,1,1023,7,1027,14,16,1011,21,1015,23,24,1014
5,1000,26,40,654,42,49,1020,53,1,1024,9,1028,14,17,1009,19,1016,22,24,1014
5,989,28,40,665,41,48,1020,53,1,1022,8,1026,14,16,1009,20,1016,23,24,1014
11,1003,28,35,381,41,49,1018,54,1,1022,6,1026,14,15,1009,20,1015,22,24,1013
5,998,28,35,549,42,48,1020,53,3,1024,7,1028,14,15,1009,20,1015,22,24,1014
5,1008,30,38,244,41,50,1018,52,1,1023,8,1027,14,16,1010,21,1015,23,24,1014
11,1003,30,35,202,41,48,1017,52,1,1021,8,1025,14,16,1010,20,1015,23,24,1013
5,978,28,34,962,42,47,1020,52,1,1024,8,1028,12,15,1012,20,1015,22,24,1014
5,987,28,32,509,45,50,1020,53,1,1024,9,1028,12,17,1009,20,1015,23,24,1013
5,983,29,34,699,41,50,1020,51,1,1023,9,1027,14,16,1009,21,1015,23,24,1014
11,1008,30,38,955,43,50,1020,53,1,1022,8,1026,14,16,1010,20,1015,23,24,1013
4,978,28,31,104,41,48,1020,54,1,1023,6,1027,14,16,1009,19,1015,22,24,1013
11,989,29,40,746,41,49,1019,53,1,1024,8,1028,14,16,1010,20,1015,22,24,1013
4,978,28,39,939,41,49,1020,54,1,1024,7,1028,14,15,1009,20,1015,22,24,1014
11,978,30,31,242,41,50,1020,53,1,1021,6,1025,14,16,1010,19,1016,22,24,1013
4,991,30,32,74,41,50,1019,53,1,1024,9,1028,14,17,1011,21,1016,23,24,1013
11,978,30,34,345,41,50,1020,53,1,1024,6,1028,14,16,1011,20,1015,23,24,1013
5,978,30,36,218,41,49,1020,53,1,1023,7,1027,14,16,1009,20,1015,22,24,1013
4,987,28,40,820,41,48,1018,54,1,1022,8,1026,13,16,1009,19,1015,22,24,1013
11,978,28,32,213,44,49,1019,53,1,1022,7,1026,14,16,1009,20,1015,22,25,1013
11,1008,30,35,556,45,48,1017,53,1,1022,6,1026,14,16,1010,20,1016,22,24,1013
11,993,28,35,653,45,50,1018,52,1,1024,6,1028,14,16,1009,19,1015,23,24,1013
4,989,26,40,756,41,46,1018,53,1,1024,7,1028,13,16,1010,20,1015,23,24,1014
10,991,29,40,336,41,50,1020,53,1,1024,6,1028,14,16,1009,21,1015,23,24,1014
11,993,30,35,582,45,50,1020,53,1,1022,8,1026,14,16,1009,20,1015,23,24,1013
5,1003,30,39,954,45,49,1017,52,1,1023,7,1027,14,16,1010,19,1015,22,24,1013
4,983,26,40,560,41,49,1019,53,1,1021,7,1025,12,16,1009,20,1015,23,24,1013
10,993,28,35,663,41,48,1018,53,1,1022,6,1026,14,16,1009,20,1015,23,24,1013
4,987,28,34,547,41,48,1018,51,1,1022,6,1026,14,15,1009,19,1015,22,24,1013
11,976,28,31,193,41,48,1018,52,1,1024,8,1028,14,16,1009,20,1015,23,24,1013
5,978,28,35,797,41,47,1020,54,3,1021,6,1025,12,16,1009,19,1015,22,24,1013
4,978,28,38,117,45,48,1020,52,1,1024,7,1028,12,15,1009,20,1015,23,24,1013
11,978,28,35,850,41,48,1020,53,1,1022,6,1026,12,16,1010,20,1015,22,24,1013
11,987,29,40,540,45,48,1020,53,1,1024,6,1028,14,16,1010,20,1016,23,24,1013
11,981,28,32,722,41,48,1019,53,1,1022,8,1026,14,16,1009,20,1015,23,24,1013
11,993,26,37,482,41,48,1020,53,1,1022,8,1026,14,16,1010,20,1015,22,24,1013
5,1000,28,35,81,44,49,1017,53,2,1022,9,1026,12,16,1010,20,1015,23,24,1014
4,978,28,34,900,41,50,1020,53,1,1024,9,1028,14,17,1009,21,1015,23,24,1014
11,1008,28,35,235,41,49,1020,53,1,1022,8,1026,14,16,1009,20,1015,22,24,1014
4,987,28,34,567,41,47,1020,53,1,1021,9,1025,12,17,1009,20,1015,22,24,1013
10,993,28,35,690,41,48,1020,53,1,1022,8,1026,14,16,1009,20,1015,22,24,1014
11,1008,28,31,464,43,50,1018,53,1,1024,9,1028,14,17,1009,19,1015,22,24,1013
11,978,28,35,391,42,49,1019,53,1,1021,9,1025,14,16,1009,20,1015,22,24,1013
5,983,28,35,928,41,48,1020,54,3,1022,6,1026,14,16,1009,19,1015,22,24,1013
11,995,30,35,262,41,49,1018,53,1,1021,6,1025,14,16,1011,19,1016,22,24,1013
4,987,28,35,314,41,46,1020,53,1,1022,8,1026,13,16,1009,21,1016,22,24,1014
5,1003,28,31,229,45,46,1017,53,1,1022,7,1026,14,16,1009,18,1015,23,24,1014
5,985,28,40,512,42,50,1020,51,1,1022,8,1026,12,15,1010,19,1015,22,24,1014
11,978,30,35,163,41,48,1020,52,1,1022,7,1026,14,16,1010,20,1015,22,24,1013
4,991,28,35,468,41,50,1017,53,3,1023,7,1027,14,16,1009,20,1016,22,24,1013
4,987,28,31,944,45,50,1020,52,1,1022,8,1026,12,16,1009,20,1015,22,24,1014
11,1003,28,35,284,41,49,1019,53,1,1022,7,1026,14,16,1009,20,1016,22,24,1013
4,1000,26,32,719,41,50,1019,53,1,1024,9,1028,14,17,1010,20,1016,22,24,1014
11,978,30,40,109,41,48,1019,52,1,1022,6,1026,14,16,1010,20,1015,22,24,1013
11,978,27,39,604,43,48,1020,52,1,1023,6,1027,14,16,1009,19,1016,22,24,1013
11,987,28,40,147,41,49,1020,53,1,1021,6,1025,14,16,1009,20,1015,23,24,1013
11,978,30,35,856,41,50,1020,53,1,1024,6,1028,14,16,1011,20,1015,22,24,1013
11,1003,26,31,120,42,48,1020,53,1,1021,9,1025,12,15,1009,20,1015,22,25,1013
10,987,28,34,341,41,48,1018,53,1,1022,6,1026,14,16,1009,20,1015,22,24,1013
11,983,28,35,701,41,46,1019,52,2,1024,6,1028,14,15,1009,20,1015,22,24,1014
4,1003,30,31,826,44,49,1019,52,1,1024,6,1028,14,16,1010,19,1015,23,24,1013
10,978,28,34,414,41,48,1017,52,1,1022,8,1026,14,16,1009,19,1015,22,24,1013
5,991,28,31,396,41,48,1020,52,3,1022,9,1026,12,16,1009,20,1015,22,24,1014
11,987,29,34,686,42,48,1018,53,1,1023,7,1027,14,16,1010,20,1015,22,24,1013
5,1008,28,34,368,45,49,1018,53,1,1021,8,1025,14,16,1009,20,1015,23,24,1013
5,1004,29,35,872,45,48,1017,53,1,1021,6,1025,14,16,1009,19,1015,22,24,1013
11,987,30,35,494,41,48,1020,53,1,1022,6,1026,14,16,1010,19,1015,22,24,1013
4,978,27,35,395,41,48,1020,51,1,1021,9,1025,14,17,1009,20,1015,22,24,1014
11,981,28,32,651,42,47,1017,52,1,1024,8,1028,14,16,1009,20,1015,23,24,1013
11,977,30,35,97,42,46,1020,52,1,1024,6,1028,14,16,1011,19,1015,22,24,1013
4,978,28,34,291,41,48,1018,53,1,1022,6,1026,14,16,1009,20,1015,22,24,1013
4,987,28,35,287,41,50,1020,52,1,1024,8,1028,14,16,1009,20,1015,22,24,1013
4,983,30,31,757,41,50,1018,53,1,1024,9,1028,14,17,1011,21,1015,23,24,1013
11,978,30,38,504,41,50,1018,52,1,1024,9,1028,12,17,1011,19,1015,22,24,1013
11,976,30,31,134,41,50,1019,53,1,1024,6,1028,14,16,1010,19,1016,22,25,1013
5,981,28,35,907,41,50,1020,53,1,1023,8,1027,14,16,1009,20,1016,22,24,1014
11,993,30,40,803,45,50,1020,53,1,1024,6,1028,14,16,1010,20,1015,22,24,1013
11,987,28,35,256,41,47,1020,52,1,1023,8,1027,13,16,1009,20,1015,23,24,1013
4,980,28,31,937,41,50,1017,51,1,1024,7,1028,14,16,1009,21,1015,23,25,1014
11,987,28,35,975,45,50,1020,53,1,1022,8,1026,14,16,1010,20,1015,22,24,1013
11,983,28,31,489,45,49,1020,53,1,1023,7,1027,14,16,1009,20,1015,22,25,1013
11,978,30,34,207,43,49,1019,52,1,1024,8,1028,14,15,1009,20,1015,23,24,1013
5,1000,27,31,126,45,46,1020,53,2,1024,9,1028,14,17,1009,21,1015,23,24,1013
5,1000,28,35,553,41,49,1020,53,1,1024,6,1028,14,16,1010,20,1015,22,24,1014
4,991,28,37,116,41,47,1017,51,1,1021,9,1025,14,16,1009,19,1015,23,24,1014
11,1008,28,35,496,41,48,1017,53,1,1022,6,1026,14,16,1009,20,1016,22,24,1013
11,983,30,35,449,41,48,1018,52,1,1022,8,1026,14,16,1010,20,1015,22,24,1013
4,978,28,34,149,45,50,1018,51,1,1024,7,1028,14,16,1009,19,1015,23,24,1013
11,1003,28,34,720,41,47,1017,52,1,1024,7,1028,14,16,1009,20,1015,22,24,1014
11,987,28,35,334,42,48,1020,53,1,1024,8,1028,14,15,1009,21,1015,23,24,1013
11,981,30,32,587,44,50,1019,53,1,1024,9,1028,14,15,1010,20,1015,23,24,1013
11,978,28,34,276,41,48,1020,53,1,1022,6,1026,14,16,1009,20,1015,22,24,1013
10,983,27,35,225,45,49,1020,53,1,1024,8,1028,12,16,1009,19,1015,22,24,1013
11,981,30,34,250,45,50,1020,53,1,1024,7,1028,14,16,1009,20,1015,22,24,1013
5,987,30,31,661,42,47,1020,51,1,1022,8,1026,14,16,1009,20,1015,23,24,1013
4,999,28,31,76,41,47,1017,52,1,1021,6,1025,14,16,1009,19,1015,23,24,1013
4,1000,28,32,731,41,49,1020,53,1,1023,7,1027,14,16,1009,20,1016,22,24,1013
5,1000,29,33,882,42,46,1018,53,1,1024,9,1028,14,17,1009,21,1015,23,24,1013
5,978,28,35,80,41,48,1020,52,3,1024,6,1028,14,16,1010,20,1015,23,24,1013
4,987,29,35,59,41,47,1020,54,1,1024,6,1028,13,16,1009,20,1015,22,24,1014
11,978,28,40,77,41,48,1018,54,1,1022,6,1026,14,16,1009,20,1015,23,25,1013
5,993,28,32,958,41,47,1017,54,1,1024,8,1028,14,15,1009,21,1015,23,24,1014
4,987,30,32,813,41,50,1018,52,1,1024,9,1028,14,17,1010,21,1016,23,24,1013
10,997,30,32,733,41,50,1020,53,1,1024,9,1028,14,17,1009,20,1015,22,24,1013
11,1000,30,40,886,45,50,1020,51,1,1022,8,1026,12,16,1010,21,1016,22,24,1013
5,1000,28,34,974,41,47,1017,52,1,1022,8,1026,14,16,1009,20,1015,23,24,1014
11,978,28,32,723,45,47,1017,52,1,1024,8,1028,14,15,1009,20,1015,22,24,1013
11,976,28,31,160,45,50,1020,53,2,1022,7,1026,14,16,1009,19,1015,22,25,1013
11,983,28,34,466,41,48,1019,53,1,1024,6,1028,14,16,1009,20,1015,23,24,1013
5,985,30,34,502,44,49,1019,53,1,1022,8,1026,14,16,1010,20,1015,23,24,1013
11,1003,28,31,828,41,46,1017,52,1,1024,6,1028,14,16,1009,18,1015,23,24,1013
5,993,26,35,650,41,48,1020,52,1,1021,8,1025,14,16,1009,20,1015,23,24,1014
10,987,30,31,184,45,49,1020,53,1,1022,6,1026,12,16,1010,19,1016,22,24,1014
4,976,30,31,64,41,49,1020,53,2,1023,7,1027,14,16,1010,20,1015,23,24,1013
11,1000,30,31,56,43,48,1018,53,1,1022,9,1026,12,17,1009,20,1015,22,24,1014
11,1003,28,34,261,44,48,1020,51,1,1022,6,1026,14,16,1009,20,1015,22,24,1013
11,991,28,32,734,45,49,1018,52,1,1024,7,1028,13,15,1009,19,1015,22,24,1013
4,978,28,35,862,42,47,1020,54,1,1023,9,1027,14,16,1009,19,1015,23,24,1014
5,1007,28,34,136,41,48,1019,52,1,1024,6,1028,14,16,1009,20,1015,22,24,1014
5,1008,28,31,508,41,48,1020,54,1,1024,6,1028,14,15,1009,19,1015,22,24,1013
5,1000,28,33,760,45,46,1019,53,1,1024,9,1028,12,17,1009,18,1015,23,24,1013
11,987,28,34,764,42,48,1020,53,1,1021,8,1025,13,16,1009,20,1015,22,24,1013
10,987,28,34,644,41,47,1018,52,1,1024,8,1028,14,16,1009,20,1015,22,24,1013
5,978,28,31,838,41,49,1018,54,1,1023,8,1027,12,16,1009,19,1015,22,24,1014
10,995,28,31,241,45,47,1017,53,1,1022,6,1026,14,16,1009,19,1016,22,25,1013
4,993,27,34,503,41,50,1020,53,1,1024,8,1028,12,16,1009,20,1015,22,24,1014
4,978,28,34,851,41,48,1018,53,3,1023,7,1027,14,16,1009,19,1016,22,24,1013
5,987,28,34,702,45,48,1017,52,1,1024,7,1028,14,16,1009,19,1015,23,24,1013
11,978,30,38,848,41,48,1020,53,1,1022,8,1026,14,16,1010,20,1015,22,24,1013
4,981,29,34,635,41,50,1017,52,1,1024,7,1028,14,16,1010,19,1015,22,24,1013
5,991,30,31,693,41,46,1020,54,1,1022,8,1026,14,16,1010,21,1015,22,24,1014
4,987,28,35,347,41,47,1020,51,1,1023,7,1027,14,16,1009,20,1015,22,24,1014
4,987,28,32,533,41,49,1018,53,1,1021,9,1025,14,17,1009,21,1015,23,24,1013
4,983,28,34,488,44,48,1020,53,1,1022,8,1026,14,16,1009,20,1015,22,24,1013
11,983,30,31,60,41,48,1020,52,1,1023,6,1027,14,16,1010,20,1015,22,24,1013
4,1007,30,31,595,41,49,1017,53,1,1024,6,1028,14,16,1010,19,1015,22,25,1013
11,978,30,34,772,45,50,1018,53,1,1024,7,1028,14,15,1009,20,1015,23,24,1013
11,987,28,31,252,44,49,1020,52,1,1023,8,1027,14,16,1009,20,1016,23,24,1013
10,993,28,35,709,41,50,1020,53,1,1022,8,1026,14,16,1009,20,1015,22,24,1013
5,1003,28,35,75,41,50,1020,53,1,1024,8,1028,14,16,1009,20,1016,22,24,1013
4,987,30,32,824,41,46,1018,53,1,1024,9,1028,14,17,1010,21,1015,23,24,1013
11,983,30,38,324,42,48,1020,52,1,1022,6,1026,14,16,1010,20,1015,22,24,1014
5,1004,28,31,869,42,47,1020,52,1,1022,7,1026,14,16,1009,21,1015,22,24,1014
11,1000,30,32,101,42,48,1018,52,1,1024,8,1028,12,15,1010,19,1015,22,24,1014
4,987,26,34,683,41,50,1019,53,1,1024,9,1028,12,15,1010,20,1016,22,24,1014
4,1003,30,34,591,41,48,1017,51,1,1024,6,1028,14,15,1009,21,1015,23,24,1014
5,979,28,35,380,41,47,1018,52,3,1024,7,1028,14,16,1009,19,1015,22,24,1013
4,981,28,36,155,45,48,1020,52,1,1022,8,1026,14,15,1009,20,1015,22,24,1014
4,987,28,34,689,41,48,1020,53,1,1024,7,1028,14,16,1009,20,1015,22,24,1013
5,976,28,34,251,41,48,1020,51,1,1022,8,1026,14,16,1009,19,1015,22,24,1013
5,987,30,38,769,41,47,1018,52,1,1024,9,1028,14,17,1010,20,1015,23,24,1013
4,985,28,34,626,41,49,1017,52,1,1024,8,1028,14,15,1009,19,1015,22,24,1013
5,983,28,35,574,43,47,1017,54,1,1023,6,1027,14,15,1009,20,1015,22,24,1013
5,983,28,40,705,41,50,1017,53,2,1021,6,1025,12,16,1009,21,1015,23,24,1013
10,976,28,31,669,41,47,1017,53,3,1021,7,1025,14,16,1009,19,1016,22,24,1013
11,981,30,35,230,41,48,1020,52,1,1022,8,1026,14,16,1009,19,1015,22,24,1013
5,979,30,35,930,41,47,1020,53,3,1024,6,1028,14,16,1010,20,1015,22,24,1013
5,987,28,35,646,43,46,1017,52,1,1024,9,1028,14,15,1009,18,1015,22,24,1013
11,1003,29,40,299,42,48,1017,53,1,1022,6,1026,14,16,1010,19,1015,22,24,1013
5,1008,30,38,94,44,50,1020,53,1,1023,9,1027,14,17,1010,20,1016,22,24,1014
11,1008,28,36,135,41,47,1017,52,1,1024,6,1028,14,15,1009,20,1015,23,24,1013
5,1008,28,34,966,41,48,1017,52,1,1022,8,1026,14,16,1009,20,1015,22,25,1014
11,983,30,32,575,45,46,1018,53,1,1024,9,1028,14,16,1009,21,1015,23,24,1013
4,978,26,35,793,41,48,1020,53,1,1022,7,1026,14,15,1010,20,1015,23,24,1014
11,976,28,38,862,43,50,1020,53,1,1024,9,1028,14,17,1009,20,1015,23,24,1013
5,987,28,31,143,41,47,1020,53,1,1022,6,1026,13,16,1009,19,1015,22,24,1014
11,978,30,35,434,45,50,1017,53,2,1024,6,1028,14,16,1009,20,1015,23,24,1013
11,993,29,35,708,41,48,1020,53,1,1022,8,1026,14,16,1010,21,1015,23,24,1014
11,978,28,35,893,41,48,1020,54,1,1022,6,1026,14,16,1009,20,1015,22,24,1013
4,991,28,34,450,41,49,1020,52,1,1024,6,1028,14,15,1009,20,1015,22,24,1014
5,983,28,38,139,45,48,1020,53,1,1024,9,1028,14,17,1009,20,1015,22,24,1013
10,978,28,35,596,45,50,1018,53,1,1023,8,1027,14,16,1009,21,1015,22,24,1013
10,978,29,31,412,41,48,1018,52,1,1022,8,1026,13,16,1010,20,1015,23,24,1013
11,1003,28,34,303,41,48,1017,54,1,1022,7,1026,14,15,1009,20,1015,22,24,1013
4,983,28,34,459,41,46,1020,53,1,1021,8,1025,14,16,1009,18,1015,22,24,1014
11,978,28,40,260,41,49,1018,53,1,1024,8,1028,14,16,1009,20,1015,23,24,1013
11,983,30,32,656,41,49,1019,53,1,1021,8,1025,14,16,1010,20,1015,22,24,1013
4,983,28,34,636,41,47,1017,52,1,1024,8,1028,14,15,1009,20,1015,22,24,1013
4,993,28,34,603,41,50,1020,53,1,1022,8,1026,14,16,1009,20,1016,22,24,1014
5,983,28,34,544,41,49,1018,52,1,1024,6,1028,14,15,1009,20,1015,22,24,1013
11,993,28,31,558,45,48,1020,53,1,1024,6,1028,14,16,1009,20,1015,22,24,1013
11,983,30,35,785,41,50,1019,53,1,1024,8,1028,14,16,1010,20,1015,23,24,1013
11,976,30,34,394,41,47,1017,52,1,1023,6,1027,14,15,1010,20,1015,22,24,1013
11,1004,30,31,198,45,50,1018,53,1,1024,9,1028,12,17,1009,21,1015,23,24,1013
5,1004,27,33,236,42,50,1019,52,1,1024,9,1028,12,17,1010,21,1015,23,24,1014
4,1000,27,40,890,41,49,1018,52,3,1024,8,1028,14,15,1009,20,1015,22,24,1014
11,983,29,35,428,41,46,1018,54,1,1023,6,1027,14,16,1010,20,1015,22,24,1013
11,1005,29,35,921,45,50,1019,53,1,1024,9,1028,14,17,1009,20,1015,22,24,1013
5,993,28,31,219,41,50,1020,53,1,1022,9,1026,14,17,1009,21,1015,23,24,1014
11,1003,30,31,630,42,48,1020,52,1,1024,8,1028,14,16,1010,19,1015,22,24,1013
4,984,28,34,403,45,49,1020,53,1,1024,8,1028,14,16,1009,20,1015,23,24,1013
5,983,28,32,166,41,46,1019,52,1,1024,9,1028,14,17,1009,21,1015,23,24,1014
11,986,28,31,158,45,49,1020,52,1,1024,7,1028,14,15,1009,20,1015,22,24,1013
10,978,28,31,178,41,47,1020,53,1,1021,6,1025,14,16,1009,20,1015,22,24,1013
11,991,29,40,695,42,48,1018,53,1,1022,7,1026,14,16,1010,19,1015,22,24,1013
11,983,30,35,409,41,48,1018,52,1,1021,8,1025,14,16,1010,20,1015,22,24,1013
11,983,28,35,91,45,47,1020,52,1,1022,6,1026,14,15,1009,20,1015,23,24,1013
5,983,30,34,867,41,46,1020,53,1,1024,7,1028,13,16,1010,21,1015,23,24,1013
5,981,30,40,431,43,48,1018,53,1,1024,8,1028,12,16,1009,20,1015,22,24,1013
11,1008,28,40,226,41,49,1019,52,1,1022,8,1026,14,16,1010,20,1015,22,24,1013
11,983,28,31,313,41,48,1018,54,1,1022,7,1026,14,16,1009,21,1015,23,24,1013
5,978,28,34,971,44,47,1017,52,1,1024,6,1028,14,15,1009,19,1015,22,24,1013
4,993,28,31,579,41,49,1018,53,1,1024,9,1028,12,17,1009,21,1016,23,24,1013
4,1003,30,35,353,41,49,1017,52,1,1024,8,1028,14,16,1009,20,1015,22,24,1013
11,1008,30,34,450,41,46,1018,53,1,1023,8,1027,14,16,1009,21,1015,22,24,1013
5,994,29,38,107,42,49,1018,53,1,1023,9,1027,14,15,1009,20,1015,23,24,1013
4,978,28,34,475,41,46,1019,52,1,1024,9,1028,14,17,1009,21,1015,22,24,1013
4,993,30,34,438,41,48,1019,54,1,1022,7,1026,14,16,1010,20,1015,23,24,1013
5,978,28,31,130,41,50,1017,51,1,1021,6,1025,14,15,1010,20,1015,22,24,1014
11,987,30,35,249,44,48,1020,52,1,1021,6,1025,14,16,1010,19,1015,22,24,1013
11,983,28,35,233,41,47,1019,54,1,1024,6,1028,14,16,1009,20,1015,23,24,1013
5,983,30,40,331,45,48,1020,54,1,1024,6,1028,12,16,1010,20,1015,22,24,1013
11,987,29,40,927,41,47,1018,53,1,1022,8,1026,12,16,1010,20,1015,23,24,1014
11,980,29,31,907,41,48,1020,53,1,1022,8,1026,14,16,1010,19,1015,22,24,1013
5,983,29,31,531,45,50,1020,53,1,1024,8,1028,14,16,1009,20,1016,22,24,1013
5,987,28,35,370,41,47,1017,54,1,1021,7,1025,14,16,1009,20,1015,23,24,1014
11,987,30,32,401,45,49,1020,53,1,1024,8,1028,14,16,1010,20,1016,23,24,1013
4,981,28,35,71,41,47,1020,54,1,1022,6,1026,14,16,1009,20,1015,22,25,1013
11,987,28,35,577,43,50,1019,51,1,1022,8,1026,14,16,1009,21,1015,23,24,1013
10,978,30,31,957,43,49,1020,54,1,1022,6,1026,14,16,1011,20,1015,23,24,1014
5,987,28,35,357,41,50,1020,52,1,1024,8,1028,14,16,1009,20,1015,23,24,1013
11,992,30,32,861,41,49,1019,53,1,1022,8,1026,14,16,1010,21,1015,23,24,1013
11,978,30,40,421,41,46,1020,53,1,1022,8,1026,13,16,1010,21,1015,23,24,1014
11,976,28,31,285,43,48,1019,53,1,1022,9,1026,14,15,1009,19,1016,22,25,1013
4,987,28,31,201,45,48,1020,52,1,1022,7,1026,14,16,1009,20,1015,22,24,1014
11,993,30,32,774,41,50,1018,53,1,1022,7,1026,14,16,1010,20,1016,23,24,1013
4,978,28,31,476,41,47,1020,53,1,1021,6,1025,14,16,1009,19,1016,22,24,1014
4,983,29,38,922,45,48,1017,52,1,1022,8,1026,14,15,1010,20,1015,23,24,1013
11,985,28,31,515,43,49,1017,52,1,1022,8,1026,12,16,1009,21,1015,22,24,1013
5,983,28,31,65,45,48,1020,52,1,1022,7,1026,14,16,1009,20,1015,22,24,1014
11,981,28,31,571,44,49,1018,52,1,1023,8,1027,14,15,1009,20,1015,22,24,1013
5,978,28,32,367,45,48,1020,53,1,1022,8,1026,14,16,1009,20,1015,22,24,1013
5,978,30,31,965,41,49,1018,53,1,1023,6,1027,14,16,1010,19,1016,22,24,1013
11,985,29,34,281,42,49,1020,53,1,1023,6,1027,14,16,1010,21,1015,22,24,1013
5,978,28,34,510,45,50,1017,52,1,1022,7,1026,12,16,1009,20,1015,23,24,1014
5,983,28,32,514,41,48,1017,54,1,1023,8,1027,14,15,1009,20,1015,23,24,1013
11,990,30,35,501,41,50,1020,53,1,1022,8,1026,14,16,1010,20,1015,22,24,1013
11,983,30,35,96,44,48,1020,53,1,1023,6,1027,14,16,1010,20,1015,22,24,1013
11,1008,28,34,173,41,50,1017,53,1,1024,8,1028,14,16,1009,20,1015,22,24,1013
4,983,30,37,111,41,46,1018,52,1,1024,9,1028,14,17,1011,18,1016,22,24,1014
11,1001,28,40,605,41,49,1017,53,1,1024,6,1028,14,16,1009,19,1015,22,24,1013
5,987,28,33,93,41,48,1018,53,2,1023,8,1027,12,16,1010,21,1015,23,24,1014
4,1003,30,34,326,41,46,1020,53,1,1024,9,1028,14,17,1011,21,1015,23,24,1013
11,987,30,37,372,41,48,1020,51,1,1022,6,1026,14,16,1010,20,1015,23,24,1013
4,1008,28,34,390,41,48,1019,53,1,1022,6,1026,14,16,1009,20,1015,22,24,1013
5,978,28,35,238,45,48,1018,54,1,1021,6,1025,14,16,1009,20,1015,23,24,1014
11,1003,28,37,822,43,49,1018,54,1,1024,6,1028,14,15,1009,19,1015,22,24,1013
11,987,30,31,160,44,50,1020,52,1,1024,6,1028,14,16,1010,20,1015,23,24,1013
4,997,30,37,594,41,46,1020,53,2,1024,8,1028,14,16,1010,18,1015,22,24,1013
10,978,27,40,787,41,47,1020,52,1,1021,6,1025,14,16,1009,18,1015,22,24,1014
11,978,28,31,330,41,50,1020,53,1,1024,8,1028,14,16,1009,21,1015,23,24,1013
4,978,28,34,288,41,48,1018,52,2,1023,7,1027,14,16,1009,20,1015,22,24,1013
5,984,29,33,485,41,48,1018,53,1,1023,8,1027,12,16,1010,20,1015,23,24,1013
11,978,28,38,858,41,50,1020,53,1,1024,8,1028,12,16,1009,19,1016,22,24,1014
5,1000,30,34,744,41,48,1018,52,1,1023,8,1027,14,16,1009,21,1015,23,24,1014
11,1008,30,38,141,45,50,1020,52,1,1024,7,1028,14,15,1010,19,1015,22,24,1013
4,993,28,31,318,41,47,1020,52,1,1024,8,1028,14,16,1009,20,1015,23,24,1014
5,1005,28,35,473,41,48,1018,53,3,1022,6,1026,14,16,1009,20,1015,22,24,1013
10,978,28,34,218,45,50,1019,52,1,1024,6,1028,14,16,1009,21,1015,23,24,1013
5,981,29,37,247,44,48,1019,54,1,1023,7,1027,13,16,1010,20,1015,22,24,1014
11,993,30,32,86,45,48,1020,53,1,1022,8,1026,14,16,1009,21,1015,23,24,1013
11,1003,28,35,751,41,48,1019,52,1,1021,6,1025,14,16,1009,20,1015,22,24,1013
11,978,26,34,507,41,50,1018,53,1,1024,7,1028,14,16,1010,20,1015,22,24,1013
11,987,28,32,490,41,50,1020,53,1,1024,8,1028,14,16,1009,21,1015,23,24,1013
4,987,28,31,735,41,49,1018,53,2,1023,7,1027,14,16,1009,20,1015,23,24,1014
11,987,28,32,493,41,47,1020,52,1,1021,9,1025,14,16,1009,21,1015,23,24,1013
4,977,30,31,662,41,48,1018,53,1,1022,6,1026,14,15,1010,20,1016,22,24,1013
4,978,28,32,592,41,50,1019,53,1,1024,9,1028,14,17,1009,20,1015,23,24,1014
4,1003,28,36,600,41,47,1020,52,1,1021,6,1025,14,16,1009,20,1015,22,24,1013
11,983,28,35,718,41,47,1019,53,1,1022,8,1026,14,16,1009,20,1015,23,24,1013
4,993,28,34,631,41,48,1017,53,3,1022,7,1026,14,16,1009,20,1016,22,24,1013
4,981,28,31,296,41,47,1018,53,1,1023,6,1027,14,16,1009,20,1015,22,24,1013
5,978,28,34,546,41,47,1019,52,1,1021,6,1025,14,15,1009,21,1015,22,24,1013
5,978,28,39,881,45,50,1020,53,1,1024,7,1028,14,16,1010,20,1015,22,24,1013
11,983,28,40,351,41,49,1020,53,1,1021,8,1025,13,16,1010,20,1015,23,24,1013
4,987,28,32,535,41,48,1019,53,3,1024,9,1028,12,16,1009,20,1016,23,24,1013
4,987,29,35,292,41,47,1020,52,1,1022,8,1026,14,15,1009,19,1015,23,24,1014
11,1000,29,35,860,45,50,1019,53,1,1023,8,1027,12,16,1010,20,1016,22,24,1013
11,992,29,40,511,41,48,1018,52,1,1022,8,1026,14,16,1010,20,1015,23,24,1013
11,987,29,32,724,41,49,1019,53,1,1023,8,1027,14,16,1010,19,1015,23,24,1013
5,987,28,35,559,42,47,1019,54,1,1022,8,1026,14,15,1009,20,1015,23,24,1014
4,1003,28,38,710,41,47,1020,52,1,1024,7,1028,14,16,1009,20,1015,22,24,1014
4,1008,28,31,818,41,48,1020,53,1,1023,8,1027,14,16,1009,19,1015,22,24,1014
11,1003,28,39,137,45,46,1020,53,1,1024,7,1028,14,16,1009,21,1016,23,24,1013
5,983,30,35,142,41,48,1020,54,1,1022,8,1026,14,16,1009,20,1015,22,24,1014
4,983,26,34,563,41,47,1017,52,1,1024,7,1028,14,15,1009,20,1015,22,24,1014
11,994,28,32,471,43,48,1020,53,1,1024,8,1028,14,16,1009,20,1015,22,24,1013
10,987,28,35,749,41,49,1020,53,1,1022,8,1026,12,16,1009,20,1015,22,24,1013
5,978,28,40,63,42,49,1019,53,1,1024,6,1028,14,16,1009,19,1015,22,24,1013
4,981,30,34,235,41,50,1020,53,1,1024,8,1028,14,16,1010,20,1016,23,24,1013
5,978,30,35,620,41,48,1017,52,1,1021,6,1025,14,16,1009,19,1015,22,24,1013
5,987,28,31,118,41,47,1020,53,1,1021,7,1025,14,16,1009,20,1015,22,24,1013
4,991,28,34,633,44,50,1020,52,1,1024,7,1028,14,15,1010,20,1015,23,24,1013
11,981,29,34,967,44,49,1019,52,1,1022,7,1026,14,16,1010,20,1015,22,24,1013
11,978,30,31,102,43,48,1020,53,1,1024,6,1028,14,16,1009,20,1015,23,24,1013
5,1003,29,31,123,41,46,1020,53,1,1024,7,1028,14,16,1009,21,1015,23,24,1014
11,978,28,35,557,41,48,1018,53,1,1024,8,1028,14,16,1009,20,1015,23,24,1013
11,987,28,31,645,41,50,1020,52,2,1024,9,1028,14,17,1009,20,1015,23,24,1013
11,976,28,31,216,42,48,1019,53,1,1022,6,1026,14,15,1009,19,1015,22,25,1013
11,1003,28,31,612,41,48,1018,53,3,1023,7,1027,14,15,1009,20,1015,22,24,1013
11,978,30,35,344,41,50,1018,53,1,1022,9,1026,14,16,1010,20,1015,22,24,1013
5,989,26,40,915,41,50,1018,52,1,1024,9,1028,14,17,1010,21,1015,23,24,1014
11,1003,30,35,136,42,48,1017,52,1,1021,7,1025,14,16,1010,20,1015,22,24,1013
5,1003,28,35,642,45,50,1020,53,1,1024,7,1028,14,16,1009,20,1015,22,24,1013
4,978,30,31,385,41,48,1019,53,1,1022,6,1026,14,15,1010,19,1016,22,25,1013
4,987,28,34,543,45,48,1018,54,1,1024,8,1028,14,16,1009,20,1015,22,24,1014
5,993,28,34,940,42,47,1020,53,2,1021,9,1025,14,15,1009,21,1015,23,24,1014
11,987,30,34,279,41,49,1020,53,1,1023,7,1027,14,16,1010,20,1015,22,24,1013
5,983,28,35,169,41,50,1020,54,3,1022,6,1026,14,16,1009,19,1015,22,24,1013
10,1003,30,31,177,42,50,1018,51,1,1024,8,1028,14,16,1010,20,1016,23,24,1013
4,987,28,31,564,41,47,1020,52,1,1021,7,1025,14,16,1009,20,1015,22,24,1014
4,993,28,32,762,41,50,1018,53,1,1024,9,1028,14,17,1009,20,1016,22,24,1013
10,1008,28,35,91,42,50,1018,51,1,1024,6,1028,14,16,1009,20,1015,22,24,1013
5,987,30,35,125,42,47,1020,53,1,1024,9,1028,12,16,1010,20,1016,22,24,1014
4,987,28,31,122,41,47,1020,52,1,1024,7,1028,14,15,1009,20,1015,22,24,1014
11,976,28,31,171,45,48,1020,53,3,1024,7,1028,14,16,1009,19,1015,22,24,1014
10,981,30,32,441,43,48,1018,53,1,1022,8,1026,14,16,1009,20,1015,23,24,1013
5,981,27,31,839,42,46,1017,53,1,1022,7,1026,14,16,1009,21,1016,23,24,1014
11,987,28,35,213,41,48,1020,54,1,1022,7,1026,14,16,1009,20,1015,22,24,1013
11,994,28,32,924,42,50,1020,53,1,1022,8,1026,14,16,1009,21,1015,23,24,1013
4,978,28,31,883,41,49,1020,53,1,1022,6,1026,14,16,1009,20,1015,22,24,1014
11,993,28,32,725,41,48,1018,53,1,1022,9,1026,14,17,1009,21,1015,23,24,1013
10,981,28,40,495,41,49,1018,53,1,1024,7,1028,14,15,1009,20,1015,23,24,1013
5,978,29,35,776,41,48,1020,54,2,1024,6,1028,14,15,1010,20,1015,22,24,1013
11,987,28,31,415,45,47,1020,53,1,1021,7,1025,14,16,1009,20,1015,22,24,1013
4,1003,30,31,787,41,49,1020,52,1,1023,7,1027,14,16,1010,20,1015,22,25,1013
4,1003,30,31,192,41,47,1018,53,1,1024,6,1028,14,16,1009,19,1016,22,25,1013
11,993,30,34,854,41,47,1018,52,1,1024,7,1028,14,15,1010,20,1015,23,24,1014
4,1003,28,31,119,42,50,1019,53,1,1022,7,1026,14,16,1009,20,1015,23,24,1013
11,1003,30,35,847,45,50,1020,53,1,1024,9,1028,14,17,1010,20,1015,22,24,1013
11,987,30,37,763,41,50,1019,53,1,1024,9,1028,14,17,1010,20,1015,22,24,1013
4,983,28,35,572,41,48,1018,52,1,1022,6,1026,14,16,1009,20,1015,22,24,1014
4,1000,26,34,853,41,48,1019,53,1,1024,9,1028,14,17,1010,20,1016,22,24,1014
11,987,28,32,607,42,49,1019,52,1,1024,8,1028,14,16,1009,20,1015,22,24,1013
5,983,28,35,89,41,48,1020,52,3,1024,6,1028,14,16,1009,19,1016,22,24,1013
5,988,28,32,904,41,47,1018,53,1,1023,8,1027,14,16,1010,20,1015,22,24,1013
11,981,30,38,255,42,48,1020,52,1,1023,8,1027,14,16,1009,20,1015,22,24,1013
11,995,30,35,245,41,49,1018,53,1,1021,6,1025,14,16,1010,19,1016,22,24,1013
4,993,28,35,424,41,48,1020,51,1,1024,8,1028,14,15,1009,20,1015,22,24,1014
4,1003,28,31,825,41,47,1019,53,1,1024,6,1028,14,16,1009,19,1016,23,24,1013
5,993,28,38,416,41,49,1019,53,1,1021,8,1025,14,16,1010,20,1016,22,24,1013
5,981,28,31,486,42,48,1018,52,1,1024,8,1028,14,15,1010,20,1015,23,24,1014
11,978,29,32,245,41,48,1020,54,1,1024,6,1028,14,15,1009,20,1015,22,24,1013
11,987,28,35,172,42,49,1020,54,1,1023,7,1027,14,16,1009,20,1015,23,24,1013
11,987,28,35,561,45,47,1020,53,1,1022,8,1026,14,16,1010,20,1015,22,24,1013
10,985,30,38,427,41,47,1018,51,1,1021,8,1025,14,15,1009,20,1015,22,24,1014
4,1003,28,31,197,45,46,1020,52,1,1023,7,1027,14,16,1009,21,1015,23,24,1013
5,983,30,34,628,41,50,1019,52,1,1024,7,1028,14,16,1009,20,1015,23,24,1013
4,1000,28,31,894,41,50,1020,53,1,1024,9,1028,12,17,1009,21,1015,22,24,1014
10,983,28,34,550,41,47,1017,52,1,1021,7,1025,13,16,1009,19,1015,22,24,1013
5,978,28,35,257,41,47,1017,54,1,1021,6,1025,14,15,1009,20,1015,22,24,1014
11,987,29,31,369,41,50,1020,53,1,1024,9,1028,14,17,1010,20,1015,23,24,1013
4,991,28,34,807,45,50,1020,53,1,1024,7,1028,14,16,1009,20,1015,22,24,1014
10,983,28,34,527,41,48,1018,53,1,1021,6,1025,14,16,1009,19,1016,22,24,1014
11,978,30,31,145,41,50,1020,53,1,1024,6,1028,14,16,1010,19,1015,22,24,1013
4,987,29,31,180,41,46,1020,53,1,1022,6,1026,14,17,1010,20,1016,22,24,1014
11,987,30,31,366,41,48,1020,52,1,1024,8,1028,14,16,1009,20,1015,23,24,1013
11,987,28,35,265,41,49,1019,53,1,1021,8,1025,12,16,1009,20,1016,22,24,1013
4,978,27,35,798,41,48,1020,52,1,1024,6,1028,12,16,1009,19,1015,22,24,1014
11,1000,30,32,932,45,49,1018,53,1,1021,9,1025,14,17,1010,20,1015,23,24,1013
11,978,30,37,973,45,49,1020,52,1,1024,6,1028,14,16,1010,20,1015,22,24,1013
11,1003,27,35,301,43,50,1018,53,1,1024,7,1028,12,16,1009,19,1016,22,24,1013
4,1000,28,35,846,41,49,1017,54,3,1021,6,1025,14,16,1010,20,1015,23,24,1014
5,978,30,31,363,42,47,1020,53,1,1021,8,1025,14,16,1009,20,1015,22,24,1013
5,1008,28,38,115,41,49,1020,52,1,1024,7,1028,14,16,1010,21,1015,23,24,1013
5,978,28,35,179,41,47,1018,53,1,1021,8,1025,13,16,1009,20,1015,22,24,1014
5,983,26,31,417,42,47,1019,52,1,1023,8,1027,14,16,1010,20,1015,22,24,1014
11,985,26,31,741,45,48,1017,52,1,1024,7,1028,12,16,1010,20,1015,23,24,1014
4,987,27,34,615,41,49,1019,53,1,1024,8,1028,12,16,1009,20,1015,22,24,1014
5,983,30,34,343,41,47,1018,53,1,1022,6,1026,14,16,1010,19,1015,22,24,1014
4,987,28,32,538,45,50,1020,53,1,1024,9,1028,12,17,1009,20,1016,23,24,1013
4,987,27,35,263,41,49,1020,53,3,1024,8,1028,12,15,1009,19,1015,22,24,1014
10,1003,29,35,834,41,47,1018,52,1,1021,7,1025,12,16,1009,20,1015,22,24,1013
5,993,28,31,138,45,48,1017,53,1,1024,9,1028,14,17,1009,20,1015,23,24,1014
5,987,29,40,726,45,48,1020,53,1,1022,7,1026,12,16,1010,21,1015,23,24,1013
5,987,29,35,266,42,49,1019,52,1,1022,7,1026,14,15,1010,20,1015,23,24,1013
4,978,28,31,196,41,49,1018,51,1,1023,8,1027,14,16,1009,20,1015,22,24,1014
11,987,30,35,475,44,50,1018,53,1,1022,8,1026,14,16,1009,20,1015,22,24,1013
5,1000,28,35,676,45,49,1020,53,1,1021,8,1025,14,16,1010,20,1016,23,24,1013
4,1000,28,35,831,41,48,1019,52,1,1022,8,1026,14,16,1009,20,1015,23,24,1014
4,987,28,34,576,41,47,1020,52,1,1024,6,1028,14,15,1009,19,1015,23,24,1014
11,991,30,35,781,41,49,1019,53,2,1022,8,1026,14,16,1009,20,1015,22,24,1013
11,987,28,32,761,45,46,1018,52,1,1024,7,1028,14,15,1009,21,1015,23,24,1013
4,981,28,40,909,41,48,1020,52,1,1024,7,1028,14,16,1009,19,1015,22,24,1013
5,1008,28,35,78,41,50,1020,53,1,1024,8,1028,14,16,1010,19,1015,22,24,1013
11,981,30,34,516,41,49,1018,52,2,1023,8,1027,12,16,1010,20,1015,22,24,1013
5,978,28,35,536,41,49,1018,52,1,1021,6,1025,14,16,1009,20,1015,22,24,1013
11,987,30,38,342,45,48,1019,52,1,1022,8,1026,14,16,1010,20,1015,23,24,1013
5,993,30,31,519,41,47,1020,51,1,1024,8,1028,14,16,1010,20,1015,22,24,1014
11,987,28,39,956,41,47,1020,54,1,1023,8,1027,14,16,1010,19,1015,22,24,1013
5,983,30,31,73,41,50,1019,53,3,1023,6,1027,12,16,1010,20,1015,22,24,1014
5,978,30,31,565,41,47,1017,53,1,1023,6,1027,12,16,1010,19,1016,22,24,1013
11,1008,28,34,204,41,48,1020,52,1,1022,6,1026,14,15,1009,20,1015,22,24,1013
5,993,28,37,444,41,47,1020,53,1,1021,9,1025,14,15,1009,19,1015,22,24,1014
11,978,28,31,388,45,50,1020,52,1,1024,9,1028,14,17,1009,21,1015,23,24,1013
4,983,28,34,370,41,48,1017,52,1,1024,6,1028,12,15,1009,20,1015,22,24,1014
4,1008,30,31,517,41,48,1018,53,1,1022,6,1026,14,15,1010,20,1016,22,24,1013
4,978,28,34,162,41,48,1020,53,3,1021,7,1025,14,16,1009,19,1015,22,24,1013
4,983,28,36,127,41,48,1020,54,1,1023,6,1027,14,16,1009,19,1015,23,24,1014
4,978,30,34,411,41,50,1019,53,1,1023,7,1027,14,16,1010,20,1015,22,24,1014
4,978,30,35,655,41,49,1020,52,1,1023,6,1027,14,16,1012,19,1015,23,24,1013
5,987,29,31,356,45,48,1020,52,1,1024,8,1028,14,15,1010,20,1015,23,24,1013
11,985,28,40,275,44,50,1020,52,1,1024,6,1028,12,16,1009,19,1015,22,24,1013
5,987,28,31,499,41,48,1019,52,1,1024,7,1028,14,15,1009,19,1015,23,24,1014
4,987,27,33,190,45,50,1020,53,1,1023,8,1027,13,16,1009,21,1015,23,24,1014
5,1003,27,31,953,42,47,1017,52,1,1021,7,1025,13,16,1009,19,1015,22,24,1014
4,987,28,31,222,41,49,1020,52,1,1024,8,1028,14,15,1010,20,1015,22,24,1014
5,987,26,40,692,41,48,1017,53,1,1024,6,1028,14,16,1011,19,1015,23,24,1014
11,983,30,31,513,41,49,1018,53,1,1022,7,1026,12,16,1010,20,1015,22,24,1014
11,987,29,40,658,41,48,1017,53,1,1022,9,1026,14,17,1009,20,1015,22,24,1013
5,1005,28,35,433,41,47,1017,52,3,1021,6,1025,14,16,1009,20,1015,22,24,1013
5,1008,28,34,946,41,48,1020,52,1,1021,7,1025,14,16,1009,20,1015,22,24,1014
5,987,27,38,317,41,49,1020,52,1,1024,9,1028,12,17,1009,19,1015,22,24,1014
11,993,28,34,585,41,48,1020,52,1,1022,8,1026,14,16,1009,21,1015,23,24,1014
10,976,28,34,155,41,47,1020,52,1,1022,7,1026,14,16,1009,20,1015,22,24,1013
4,987,27,34,521,43,48,1020,53,1,1024,6,1028,13,16,1009,20,1015,23,24,1013
11,987,30,40,711,41,48,1019,53,1,1022,6,1026,14,16,1009,21,1015,23,24,1013
5,993,28,35,491,42,48,1020,52,2,1024,9,1028,14,17,1009,20,1015,22,24,1014
11,983,28,35,371,41,47,1020,53,1,1021,6,1025,14,16,1009,20,1015,22,24,1013
11,981,28,32,168,45,50,1020,53,1,1024,9,1028,12,17,1009,20,1016,22,24,1013
4,978,28,36,871,42,46,1020,52,1,1023,7,1027,14,16,1009,20,1015,22,24,1014
10,976,28,31,140,42,50,1017,52,1,1024,9,1028,14,17,1009,19,1016,22,24,1014
4,985,28,35,586,44,47,1020,52,1,1022,8,1026,12,16,1009,20,1015,22,24,1013
4,987,27,32,634,41,48,1017,52,3,1024,8,1028,12,15,1009,20,1015,22,25,1013
11,983,29,34,310,41,49,1020,52,1,1021,6,1025,14,16,1009,20,1015,22,24,1014
5,1000,26,40,128,45,48,1018,53,1,1022,8,1026,12,16,1009,21,1015,23,24,1013
5,1004,29,35,945,45,48,1018,53,1,1022,9,1026,14,17,1009,21,1015,22,24,1013
4,1003,30,31,641,41,48,1017,53,1,1023,6,1027,14,15,1011,20,1016,22,24,1013
5,991,28,34,602,42,48,1018,52,2,1024,8,1028,14,15,1009,20,1015,22,24,1014
11,978,28,31,810,41,48,1020,51,1,1022,6,1026,14,16,1009,19,1015,22,24,1013
5,985,30,40,638,41,49,1018,53,1,1023,7,1027,14,16,1010,20,1015,22,24,1013
11,983,30,31,254,41,48,1019,53,1,1022,7,1026,12,16,1010,20,1015,22,24,1014
11,1000,28,40,664,45,48,1020,51,1,1022,6,1026,12,16,1009,20,1015,22,24,1014
4,978,28,34,322,41,47,1020,52,1,1021,8,1025,14,15,1009,20,1015,22,24,1013
4,983,28,35,478,41,48,1020,53,1,1024,9,1028,14,17,1010,20,1015,22,24,1014
11,981,28,35,359,45,50,1020,53,1,1022,8,1026,14,16,1009,20,1015,22,24,1013
10,1003,28,34,382,41,48,1018,53,1,1022,6,1026,14,16,1009,20,1015,23,24,1013
5,1008,27,31,221,42,49,1018,53,1,1023,9,1027,14,16,1009,20,1015,22,24,1014
11,997,30,34,680,43,48,1020,53,1,1024,6,1028,14,16,1010,20,1015,23,24,1013
11,1008,28,38,652,45,50,1017,53,1,1024,6,1028,14,16,1009,19,1015,22,24,1013
4,987,28,35,640,41,48,1018,52,1,1024,8,1028,14,16,1009,20,1015,22,24,1013
4,983,27,34,266,41,48,1020,53,1,1023,8,1027,12,16,1009,20,1015,22,24,1014
5,981,28,35,224,45,47,1020,53,1,1021,7,1025,14,16,1009,20,1015,22,24,1013
11,1008,28,34,360,41,47,1018,52,2,1022,8,1026,14,15,1010,20,1015,22,24,1014
5,987,28,31,189,41,47,1019,52,1,1024,8,1028,14,16,1009,19,1015,23,24,1014
11,978,28,38,206,41,50,1020,53,1,1024,7,1028,12,16,1011,20,1016,23,24,1013
11,987,28,35,199,43,49,1020,52,1,1021,8,1025,14,16,1009,20,1015,22,24,1013
11,1004,29,35,270,41,49,1018,53,1,1024,8,1028,14,16,1010,20,1015,23,24,1013
11,978,28,35,240,41,47,1020,52,1,1023,8,1027,14,16,1009,20,1016,22,24,1013
4,997,29,35,703,41,49,1019,53,1,1022,7,1026,12,16,1010,20,1016,23,24,1014
4,983,28,38,878,41,46,1020,52,1,1021,6,1025,14,16,1009,18,1015,22,24,1014
5,981,28,37,170,41,50,1020,53,1,1024,8,1028,14,16,1010,19,1015,22,24,1013
11,981,28,38,721,42,48,1019,53,1,1022,7,1026,14,16,1009,21,1015,23,24,1014
11,987,30,35,321,41,49,1020,54,3,1022,8,1026,14,16,1010,20,1015,23,24,1013
4,983,30,35,327,41,49,1020,54,1,1021,7,1025,14,16,1010,21,1015,23,24,1013
11,993,29,40,906,45,47,1020,53,1,1024,8,1028,14,15,1010,20,1015,23,24,1014
4,991,26,34,716,41,48,1018,51,3,1022,6,1026,14,16,1010,20,1015,22,24,1013
11,978,28,31,203,43,48,1018,52,1,1022,7,1026,14,16,1009,20,1015,22,24,1014
10,987,28,31,960,41,49,1020,53,1,1023,9,1027,12,17,1009,20,1016,22,24,1014
4,978,28,38,836,41,48,1020,53,1,1024,8,1028,14,15,1009,19,1016,22,24,1014
4,1000,28,38,876,41,49,1020,53,1,1021,9,1025,14,17,1009,21,1015,23,24,1013
5,978,28,34,339,41,48,1020,53,1,1022,7,1026,14,16,1009,19,1015,22,24,1014
4,987,28,31,425,41,50,1020,53,2,1021,6,1025,14,16,1009,20,1015,22,24,1014
5,993,29,31,912,42,50,1018,53,1,1024,8,1028,14,16,1012,21,1015,23,24,1014
11,987,30,32,437,41,49,1020,53,1,1023,8,1027,14,16,1010,20,1015,23,24,1013
4,980,28,31,674,41,46,1017,53,1,1024,9,1028,14,17,1009,20,1015,22,24,1013
5,978,28,31,934,41,50,1020,53,1,1024,8,1028,12,16,1009,19,1016,22,24,1014
11,1000,28,35,58,45,49,1020,53,1,1023,8,1027,13,16,1009,20,1015,23,24,1013
5,991,26,40,691,41,48,1018,52,1,1021,8,1025,14,16,1010,20,1015,22,24,1013
5,983,30,34,808,41,50,1018,53,1,1021,9,1025,14,16,1009,20,1015,23,24,1013
10,978,28,35,165,41,48,1019,54,1,1024,6,1028,14,15,1009,20,1015,22,24,1013
4,978,28,31,938,45,48,1020,54,1,1022,8,1026,14,16,1009,20,1015,22,24,1014
11,985,28,34,410,41,50,1020,53,1,1022,6,1026,14,16,1010,20,1015,22,24,1013
5,1003,29,34,70,41,46,1020,53,1,1021,7,1025,13,16,1010,21,1015,23,24,1013
10,1003,30,38,66,41,48,1018,52,1,1024,7,1028,14,16,1009,19,1015,22,24,1013
11,987,30,33,805,41,46,1020,53,2,1022,9,1026,12,16,1010,21,1015,23,24,1013
5,991,27,34,608,44,48,1020,53,1,1022,8,1026,13,16,1009,20,1016,23,24,1013
11,1000,27,40,627,41,48,1017,52,1,1021,6,1025,13,16,1009,20,1015,22,24,1013
4,978,30,31,737,41,50,1019,53,2,1024,7,1028,14,15,1010,20,1015,23,24,1014
10,991,30,35,546,41,50,1020,53,1,1024,7,1028,14,16,1009,20,1015,22,24,1013
11,987,30,40,685,42,48,1019,53,1,1023,7,1027,14,16,1010,19,1015,23,24,1013
11,993,28,40,768,42,49,1018,53,1,1022,8,1026,14,16,1010,20,1015,23,24,1013
11,1004,28,31,62,41,50,1018,53,1,1024,7,1028,14,16,1009,21,1015,23,24,1013
11,1003,30,31,377,43,48,1017,54,1,1022,8,1026,14,16,1009,20,1015,22,24,1013
11,985,29,40,477,43,47,1020,53,1,1022,6,1026,12,16,1009,19,1016,22,24,1014
11,991,30,35,712,41,49,1020,52,1,1024,8,1028,14,15,1009,21,1015,23,24,1013
11,987,30,34,748,41,50,1020,53,1,1024,8,1028,14,16,1009,20,1015,23,24,1013
5,1006,28,35,765,42,48,1018,54,1,1022,8,1026,14,16,1009,20,1015,22,24,1014
4,987,28,35,444,41,50,1020,53,1,1024,6,1028,12,15,1009,19,1015,22,24,1013
11,983,28,35,227,41,47,1019,52,1,1021,6,1025,14,16,1009,20,1015,22,24,1013
11,1003,28,38,259,41,47,1017,52,1,1022,9,1026,14,16,1009,20,1015,22,24,1013
11,978,28,35,418,45,48,1020,53,1,1024,9,1028,14,17,1009,20,1015,23,24,1013
11,981,29,35,235,41,48,1020,54,1,1023,6,1027,12,16,1010,20,1015,22,24,1013
11,987,30,35,745,41,47,1019,54,1,1023,9,1027,14,17,1011,20,1015,23,24,1013
5,993,29,40,972,42,49,1017,53,1,1023,7,1027,14,16,1010,19,1016,23,24,1013
11,1004,28,31,817,45,48,1020,53,1,1024,9,1028,14,17,1009,20,1016,23,24,1013
10,976,30,35,187,45,49,1020,53,1,1022,7,1026,14,16,1010,20,1015,23,24,1013
5,993,29,31,526,42,50,1020,53,1,1023,9,1027,14,17,1009,20,1015,22,24,1013
11,1008,28,35,506,42,50,1019,53,2,1024,8,1028,14,16,1009,20,1015,23,24,1013
4,978,28,31,637,44,48,1017,53,1,1023,7,1027,14,16,1009,20,1016,22,24,1013
4,981,30,34,969,41,48,1018,51,1,1023,7,1027,14,16,1010,20,1015,22,24,1013
5,981,28,37,486,42,48,1019,52,1,1022,6,1026,14,16,1009,19,1015,22,24,1013
5,987,28,35,530,42,47,1018,53,1,1021,8,1025,14,16,1009,20,1015,22,24,1013
4,1003,30,31,727,45,47,1017,53,1,1023,6,1027,14,16,1010,19,1016,22,24,1013
11,987,28,35,419,41,49,1020,53,1,1022,8,1026,14,16,1009,20,1015,23,24,1013
11,1003,28,32,135,43,48,1018,53,1,1024,7,1028,14,15,1009,20,1015,22,24,1013
5,978,28,35,85,41,49,1020,53,3,1023,6,1027,14,16,1010,20,1015,22,25,1013
11,978,30,31,947,41,46,1017,52,1,1022,7,1026,14,16,1009,18,1015,22,24,1013
11,983,30,35,308,41,48,1020,53,1,1022,8,1026,14,16,1010,20,1015,22,24,1013
10,981,28,38,335,41,50,1020,53,1,1024,8,1028,14,15,1009,21,1015,23,24,1013
11,978,28,34,90,43,48,1020,52,1,1024,8,1028,14,15,1009,19,1015,22,24,1014
4,1000,30,32,806,41,50,1020,53,1,1024,9,1028,14,17,1010,20,1015,23,24,1014
10,987,28,35,200,42,50,1020,52,1,1022,9,1026,14,17,1009,20,1015,23,24,1013
5,991,29,40,463,42,50,1020,53,1,1022,7,1026,13,16,1010,20,1015,22,24,1013
5,989,28,40,469,41,47,1020,52,1,1021,7,1025,14,16,1009,20,1016,23,24,1013
11,981,28,31,758,43,50,1017,52,1,1024,9,1028,14,17,1009,20,1015,22,24,1013
5,1000,28,31,819,42,49,1019,53,1,1022,7,1026,14,16,1009,20,1015,22,24,1014
5,978,26,34,539,41,47,1020,52,1,1023,7,1027,14,15,1010,20,1015,22,24,1014
5,1008,28,35,121,41,50,1020,52,1,1024,6,1028,14,16,1009,20,1015,22,24,1013
5,1008,28,35,383,41,48,1018,53,1,1022,6,1026,14,16,1009,19,1016,22,24,1013
11,983,30,35,802,43,50,1020,53,1,1023,7,1027,12,16,1010,21,1015,23,24,1013
4,1003,27,38,114,41,50,1020,52,1,1024,9,1028,14,17,1009,20,1015,22,24,1014
11,985,28,32,460,45,50,1020,53,1,1024,6,1028,14,16,1009,21,1015,23,24,1013
4,1008,30,35,95,41,48,1020,53,1,1024,6,1028,14,16,1010,19,1015,22,24,1013
5,1004,28,31,208,41,49,1020,53,1,1022,9,1026,14,16,1009,21,1015,23,24,1014
11,991,30,32,884,45,50,1017,53,1,1024,8,1028,14,16,1010,20,1015,22,24,1013
11,991,30,35,557,45,50,1019,53,1,1022,8,1026,14,16,1010,20,1016,23,24,1013
11,983,28,35,246,41,48,1020,53,1,1022,9,1026,14,17,1009,21,1015,23,24,1013
10,987,30,35,566,45,48,1019,53,1,1022,8,1026,14,16,1010,20,1015,23,24,1013
5,984,26,32,790,42,50,1019,54,1,1024,8,1028,12,16,1010,20,1015,23,24,1013
10,1008,26,35,181,41,47,1020,53,1,1022,8,1026,14,16,1010,21,1015,23,24,1014
5,1003,27,38,701,44,47,1020,52,1,1022,7,1026,12,15,1009,20,1016,22,24,1014
4,978,28,31,133,41,48,1020,52,1,1022,6,1026,14,16,1009,19,1015,22,24,1014
5,1008,28,35,902,43,48,1020,52,1,1023,6,1027,14,16,1009,19,1015,22,24,1013
11,989,28,31,472,41,48,1019,52,1,1023,6,1027,14,15,1009,20,1015,22,24,1014
11,1003,30,31,462,44,48,1018,52,1,1022,6,1026,12,16,1010,19,1015,22,24,1013
11,981,30,35,174,43,48,1018,54,1,1022,7,1026,14,16,1010,19,1015,22,24,1013
4,983,28,35,329,41,48,1020,52,1,1024,8,1028,12,15,1010,20,1015,22,24,1014
5,1000,27,40,812,41,50,1020,52,1,1023,9,1027,14,15,1009,20,1015,22,24,1014
10,987,30,40,155,44,48,1018,51,1,1024,6,1028,14,16,1010,20,1015,23,24,1013
5,987,29,35,811,41,47,1017,53,1,1022,8,1026,14,16,1009,20,1015,22,24,1013
4,987,28,35,362,41,48,1018,53,1,1024,6,1028,14,15,1009,19,1016,22,24,1014
5,1007,28,35,885,41,49,1020,52,3,1022,6,1026,14,16,1009,19,1015,22,24,1013
11,987,28,32,479,44,48,1018,52,1,1024,8,1028,14,15,1009,20,1015,23,24,1013
11,995,30,31,590,41,49,1017,52,1,1021,6,1025,14,16,1009,20,1016,22,24,1013
5,993,27,36,677,45,47,1019,52,1,1022,9,1026,12,16,1009,18,1015,22,24,1013
5,987,28,32,99,41,48,1017,52,1,1024,8,1028,14,15,1010,21,1015,22,24,1014
4,983,28,31,704,42,48,1019,53,1,1024,8,1028,14,16,1009,19,1016,23,24,1013
11,1003,30,31,832,41,49,1017,53,1,1023,9,1027,14,16,1010,21,1016,23,24,1013
5,991,26,40,697,42,48,1020,52,1,1024,8,1028,14,15,1010,19,1015,22,24,1014
4,987,27,31,430,42,49,1018,53,1,1023,8,1027,12,16,1009,20,1015,22,24,1013
5,976,27,35,68,41,48,1020,53,1,1024,6,1028,13,16,1009,19,1015,22,24,1013
11,985,28,35,568,45,50,1020,53,1,1023,7,1027,14,16,1009,20,1015,23,24,1013
4,987,27,34,461,43,48,1020,53,1,1024,6,1028,13,16,1009,20,1015,23,24,1013
4,994,30,34,215,45,49,1020,53,1,1024,7,1028,14,16,1010,21,1015,23,24,1013
4,979,30,40,307,41,47,1019,53,1,1021,7,1025,12,16,1010,19,1015,22,24,1013
4,981,28,31,465,41,46,1017,52,1,1024,8,1028,14,15,1009,20,1015,22,24,1013
4,978,28,31,153,41,47,1019,52,1,1021,6,1025,14,16,1009,19,1015,22,24,1014
11,985,28,32,755,45,48,1017,53,1,1023,8,1027,14,16,1009,20,1015,22,24,1013
11,981,28,32,548,41,49,1018,53,1,1022,8,1026,14,16,1009,20,1015,22,24,1013
4,1003,28,34,696,41,50,1018,52,1,1021,7,1025,12,16,1009,20,1015,23,24,1013
4,983,28,31,970,41,47,1017,52,1,1022,8,1026,14,16,1009,19,1015,22,24,1014
5,978,28,40,920,42,49,1018,52,1,1024,6,1028,14,15,1009,19,1015,22,24,1013
11,991,30,35,770,41,49,1020,52,1,1022,8,1026,14,16,1010,20,1015,22,24,1013
11,978,29,37,268,44,50,1020,53,1,1024,9,1028,14,17,1010,20,1016,22,24,1014
4,987,28,31,159,45,49,1020,52,1,1024,9,1028,14,15,1009,20,1015,22,24,1014
10,1003,30,31,167,41,48,1017,53,1,1021,6,1025,14,16,1011,18,1016,22,25,1013
10,981,30,35,152,45,48,1019,53,1,1024,9,1028,14,17,1010,20,1015,23,24,1014
11,987,28,31,206,41,48,1018,53,3,1022,6,1026,14,16,1009,20,1015,23,24,1013
4,978,30,31,842,41,50,1020,53,1,1023,7,1027,14,16,1010,20,1015,22,24,1014
11,981,30,31,742,45,50,1017,52,1,1024,8,1028,14,16,1009,20,1015,23,24,1013
4,983,30,34,386,41,48,1020,52,1,1024,6,1028,14,15,1010,20,1015,22,24,1014
4,978,28,35,404,41,48,1020,53,1,1023,7,1027,14,16,1009,19,1015,22,24,1013
11,985,30,31,151,45,50,1020,53,1,1024,9,1028,14,17,1009,21,1015,23,24,1014
11,987,30,31,458,42,49,1020,54,1,1023,7,1027,14,16,1010,20,1015,23,24,1013
5,978,28,35,98,41,50,1019,54,3,1023,6,1027,12,16,1010,19,1015,22,24,1013
4,991,28,34,562,41,47,1018,51,1,1024,7,1028,14,16,1009,19,1015,22,24,1014
11,976,28,32,532,45,47,1017,52,1,1024,6,1028,14,15,1009,20,1015,22,24,1013
5,978,30,34,629,41,50,1017,53,1,1024,8,1028,14,15,1011,20,1015,23,24,1013
11,978,30,35,290,41,50,1018,53,1,1024,6,1028,14,16,1010,19,1015,23,24,1013
4,987,28,32,518,45,50,1018,52,1,1024,6,1028,14,15,1009,20,1015,22,24,1013
4,993,30,38,910,41,48,1019,52,1,1022,9,1026,14,16,1010,21,1015,23,24,1014
11,985,30,32,580,41,50,1017,53,1,1024,8,1028,14,16,1009,21,1015,23,24,1013
11,987,30,35,406,42,50,1020,53,1,1024,7,1028,12,16,1010,20,1015,22,24,1013
10,978,30,31,237,43,46,1018,53,1,1024,9,1028,12,17,1011,18,1015,22,24,1013
4,987,28,31,195,45,48,1020,52,1,1024,6,1028,14,15,1009,20,1015,22,24,1014
11,993,30,31,614,41,49,1020,53,1,1024,8,1028,14,16,1010,20,1015,23,24,1013
4,983,28,35,610,41,49,1020,52,3,1021,6,1025,14,16,1009,20,1015,22,24,1013
11,993,30,32,767,44,50,1020,53,1,1022,8,1026,14,16,1010,21,1015,23,24,1013
5,983,28,37,660,41,46,1018,52,1,1024,8,1028,14,16,1009,20,1015,23,24,1013
5,994,30,35,740,41,49,1018,53,3,1022,6,1026,14,16,1010,20,1015,22,24,1014
11,987,30,31,348,44,50,1020,53,1,1024,6,1028,14,16,1009,20,1015,23,24,1013
5,978,26,39,211,41,48,1018,53,1,1022,6,1026,14,16,1009,19,1015,23,24,1013
5,978,28,31,918,42,47,1020,52,1,1022,7,1026,12,16,1009,19,1015,22,24,1014
5,984,28,32,815,45,46,1017,51,1,1024,6,1028,14,16,1009,21,1015,23,24,1013
5,983,28,40,349,44,48,1020,53,1,1022,7,1026,14,16,1009,19,1015,23,24,1013
11,986,28,35,492,43,50,1019,53,1,1024,8,1028,14,16,1009,20,1015,22,24,1013
11,1000,30,32,505,45,50,1020,53,1,1023,8,1027,14,16,1010,20,1016,23,24,1013
5,1000,29,38,795,41,50,1020,53,1,1024,9,1028,14,17,1009,20,1015,22,24,1014
4,996,30,38,783,41,48,1020,53,1,1023,9,1027,12,16,1009,20,1015,23,24,1014
5,985,28,40,110,41,50,1018,52,1,1024,7,1028,14,16,1009,20,1016,22,24,1014
11,987,28,32,804,45,50,1019,53,1,1024,8,1028,14,16,1009,21,1016,23,24,1013
11,1003,30,34,129,45,48,1017,54,1,1022,7,1026,14,16,1010,20,1015,22,24,1013
10,987,28,34,529,41,50,1019,51,1,1024,9,1028,14,17,1009,20,1015,22,24,1013
11,987,28,34,554,43,50,1020,53,1,1023,9,1027,14,15,1009,20,1015,23,24,1013
11,1008,28,34,423,42,47,1018,52,1,1024,7,1028,14,15,1009,20,1015,22,24,1013
4,983,28,32,879,45,50,1017,53,1,1024,7,1028,14,17,1009,20,1016,23,24,1014
11,978,30,34,147,41,47,1018,52,1,1024,7,1028,14,15,1010,19,1015,22,24,1013
11,987,29,31,856,45,50,1020,54,1,1024,8,1028,14,16,1010,20,1015,23,24,1013
5,1008,28,31,264,45,47,1020,53,1,1022,6,1026,14,16,1009,18,1015,22,24,1013
11,987,30,38,285,41,50,1020,53,1,1024,9,1028,14,17,1010,20,1016,22,24,1013
5,983,30,35,306,41,50,1019,52,3,1024,6,1028,12,15,1010,19,1015,23,24,1013
4,984,30,34,695,41,50,1017,52,1,1024,7,1028,14,16,1010,20,1015,22,24,1013
11,978,30,35,970,45,50,1020,53,1,1024,8,1028,14,16,1010,20,1015,22,24,1013
5,978,28,31,875,45,46,1017,52,1,1022,6,1026,14,15,1009,18,1015,22,24,1013
4,993,28,31,948,41,49,1018,53,1,1021,8,1025,14,16,1009,20,1015,23,24,1014
5,1003,28,35,778,41,47,1019,54,1,1023,6,1027,14,16,1009,19,1015,22,25,1013
11,978,30,35,952,45,50,1020,53,1,1024,6,1028,14,16,1012,20,1015,22,24,1013
5,997,27,32,950,41,46,1017,53,1,1022,9,1026,12,17,1009,21,1015,23,24,1013
5,981,26,31,305,41,47,1018,52,1,1021,6,1025,14,15,1010,18,1015,22,24,1014
5,1007,28,40,942,41,47,1019,54,1,1022,6,1026,14,16,1009,20,1015,23,24,1013
5,1003,28,35,736,41,49,1019,54,3,1023,6,1027,12,16,1009,19,1015,22,24,1013
4,993,30,32,968,41,49,1020,53,1,1024,8,1028,14,16,1010,20,1015,23,24,1014
4,1000,28,36,551,41,48,1019,53,1,1024,8,1028,14,16,1009,20,1015,22,24,1014
4,1000,28,31,667,41,49,1020,53,1,1024,9,1028,14,17,1009,20,1016,22,24,1014
5,993,29,31,873,41,48,1018,52,1,1022,7,1026,14,15,1009,20,1015,22,24,1013
11,1003,28,36,182,43,48,1017,51,1,1024,6,1028,14,16,1009,20,1015,22,24,1013
11,1003,30,35,267,41,49,1017,52,1,1022,8,1026,14,15,1010,20,1015,23,24,1013
4,993,28,33,280,41,46,1018,51,2,1023,8,1027,14,16,1009,21,1015,22,24,1013
4,983,28,35,185,41,48,1020,54,1,1023,6,1027,12,16,1009,20,1015,22,24,1014
11,978,28,31,84,41,48,1019,54,1,1022,6,1026,14,16,1010,20,1015,23,24,1013
10,978,28,35,545,41,48,1019,54,1,1021,8,1025,14,16,1009,20,1015,22,24,1013
4,993,28,34,498,41,50,1018,53,1,1022,7,1026,12,16,1009,20,1016,22,24,1014
4,1007,30,31,866,41,50,1020,53,1,1024,6,1028,14,16,1010,19,1015,22,24,1013
11,983,30,34,649,41,47,1019,51,1,1022,8,1026,14,16,1010,21,1015,23,24,1013
4,985,30,31,286,41,50,1020,54,1,1023,8,1027,14,16,1010,20,1015,23,24,1013
4,983,30,31,672,41,50,1017,52,1,1024,6,1028,12,15,1011,20,1015,23,24,1014
11,983,26,40,688,41,48,1018,53,1,1022,8,1026,13,16,1010,20,1016,22,24,1014
4,993,28,32,916,45,50,1019,53,1,1024,9,1028,14,17,1009,20,1015,22,24,1014
5,1000,29,40,827,45,48,1020,53,1,1024,9,1028,14,17,1009,20,1016,23,24,1013
11,987,29,40,443,43,48,1020,53,1,1022,8,1026,14,16,1010,20,1016,23,24,1013
4,983,28,31,125,41,47,1020,52,1,1023,8,1027,14,15,1009,20,1015,23,24,1014
4,998,26,40,108,41,50,1018,53,1,1024,8,1028,14,15,1010,20,1015,22,24,1014
5,987,28,35,743,45,50,1018,52,1,1024,8,1028,14,16,1009,20,1015,23,24,1013
10,981,28,35,432,41,47,1018,52,1,1023,6,1027,14,16,1009,19,1015,22,24,1014
4,978,26,31,78,41,48,1020,53,1,1024,8,1028,12,16,1010,20,1015,22,24,1014
11,978,28,35,933,45,48,1020,52,1,1022,8,1026,14,16,1009,20,1015,22,24,1013
11,995,28,34,784,41,47,1017,52,1,1023,6,1027,14,15,1009,19,1016,22,24,1013
4,987,30,32,537,41,50,1020,53,1,1024,7,1028,14,16,1010,20,1015,23,24,1013
11,987,30,35,481,41,50,1020,54,2,1023,6,1027,14,16,1010,20,1015,22,24,1013
4,993,28,34,750,41,49,1020,53,1,1022,7,1026,14,16,1009,20,1015,22,24,1014
11,985,29,32,542,41,48,1019,53,1,1022,6,1026,13,16,1010,19,1015,22,24,1013
11,983,28,37,350,41,47,1020,52,1,1024,6,1028,14,16,1009,20,1015,22,24,1014
11,987,27,40,269,41,49,1020,53,1,1024,8,1028,12,16,1009,20,1015,23,24,1013
11,983,28,34,599,41,50,1020,53,1,1024,7,1028,12,16,1011,20,1016,23,24,1013
5,985,28,34,675,45,49,1018,53,1,1023,8,1027,14,16,1009,20,1015,23,24,1013
11,983,28,31,832,45,48,1018,53,1,1024,8,1028,14,15,1010,20,1015,22,24,1014
11,987,28,31,144,41,47,1020,54,1,1022,6,1026,14,16,1009,20,1015,22,24,1013
4,1008,28,35,193,41,49,1019,53,1,1024,6,1028,14,16,1009,20,1015,22,24,1013
4,978,28,35,852,41,50,1020,53,1,1024,6,1028,13,16,1009,19,1015,22,24,1014
4,984,30,31,408,41,48,1020,54,3,1022,7,1026,12,15,1010,20,1015,22,25,1014
11,987,30,32,680,45,49,1019,53,1,1024,7,1028,14,16,1010,20,1015,23,24,1013
11,981,30,35,232,41,48,1020,53,1,1024,9,1028,14,17,1010,20,1015,23,24,1013
4,983,27,31,222,41,49,1020,53,1,1024,9,1028,14,17,1010,19,1016,22,24,1014
11,993,29,31,79,41,50,1018,53,1,1022,8,1026,14,16,1010,20,1016,23,24,1013
11,987,28,31,234,42,47,1020,54,1,1023,6,1027,14,16,1009,20,1015,23,24,1013
11,976,28,39,935,45,49,1020,52,1,1023,7,1027,14,16,1009,20,1015,23,24,1013
11,981,30,34,583,41,48,1020,53,1,1022,9,1026,14,17,1009,20,1015,23,24,1013
4,981,28,31,670,41,48,1019,52,1,1022,7,1026,14,16,1009,20,1015,23,24,1014
11,1008,28,31,621,42,48,1017,53,3,1022,6,1026,14,15,1009,20,1016,22,25,1013
11,987,30,32,773,44,48,1020,53,1,1022,6,1026,14,16,1010,20,1015,22,24,1013
11,983,29,40,397,41,48,1020,54,1,1022,8,1026,14,16,1009,20,1015,23,24,1014
4,987,28,35,454,41,47,1020,52,1,1024,6,1028,14,16,1009,20,1015,23,24,1014
11,989,30,34,711,44,47,1020,53,1,1022,6,1026,13,16,1010,19,1016,23,24,1013
11,976,28,34,402,41,48,1018,53,1,1022,6,1026,12,15,1009,19,1015,22,24,1014
11,981,28,34,405,43,48,1018,52,1,1024,8,1028,14,15,1009,20,1015,22,24,1013
4,983,28,35,445,41,47,1020,52,1,1021,8,1025,13,16,1009,20,1015,22,24,1013
11,978,30,34,581,41,50,1018,53,1,1024,7,1028,13,16,1009,20,1015,22,24,1013
11,993,28,40,870,45,50,1019,53,1,1022,7,1026,14,16,1010,20,1015,22,24,1013
4,978,28,34,816,41,50,1020,52,1,1024,7,1028,14,15,1009,20,1015,22,24,1013
11,993,29,34,889,43,49,1018,52,1,1024,8,1028,14,16,1010,20,1015,23,24,1013
10,1003,30,31,183,41,50,1017,53,1,1024,6,1028,14,16,1010,20,1016,22,25,1013
4,987,30,40,202,42,49,1020,53,1,1021,6,1025,14,16,1010,20,1015,23,24,1013
11,981,28,36,929,45,47,1020,52,1,1021,6,1025,14,16,1009,20,1015,22,24,1013
4,978,28,34,623,41,48,1018,53,2,1022,7,1026,14,16,1009,19,1016,22,24,1013
5,977,30,31,176,44,48,1020,52,1,1024,8,1028,14,16,1010,20,1015,22,24,1013
4,983,27,35,348,41,47,1019,53,2,1024,9,1028,12,17,1009,21,1015,23,24,1013
11,993,28,35,625,41,50,1020,53,1,1022,8,1026,14,16,1009,20,1015,22,24,1013
4,1008,28,31,217,41,47,1019,53,1,1022,9,1026,14,17,1009,21,1015,23,24,1014
11,991,30,35,830,45,49,1018,53,1,1023,7,1027,14,16,1010,20,1015,22,24,1013
11,987,28,32,896,41,49,1019,53,1,1023,8,1027,14,16,1009,21,1015,23,24,1013
11,987,28,32,949,45,48,1018,51,1,1024,9,1028,14,17,1009,20,1015,23,24,1013
5,991,30,31,399,45,50,1020,53,1,1024,6,1028,14,16,1010,20,1015,22,24,1013
11,983,30,35,83,41,46,1020,52,1,1024,8,1028,14,16,1010,18,1015,22,24,1013
5,987,28,34,681,41,49,1019,51,1,1023,8,1027,14,16,1009,20,1015,23,24,1014
4,978,28,38,903,41,47,1020,52,1,1024,7,1028,14,16,1009,20,1015,22,24,1014
5,987,30,40,520,45,49,1020,53,1,1023,9,1027,14,16,1010,20,1016,23,24,1013
5,1000,28,40,272,41,48,1018,53,1,1022,8,1026,14,16,1009,20,1015,23,24,1014
11,993,30,31,823,41,50,1020,53,1,1024,8,1028,14,16,1010,21,1015,23,24,1013
11,990,27,32,897,45,47,1019,53,3,1024,6,1028,12,15,1010,20,1016,23,24,1013
4,989,30,40,455,41,50,1020,53,1,1024,8,1028,13,16,1012,21,1016,23,24,1013
11,981,30,35,315,41,50,1020,53,1,1024,8,1028,14,16,1010,20,1015,23,24,1013
4,978,30,31,398,41,48,1020,53,1,1024,7,1028,12,16,1010,19,1015,22,25,1013
5,993,30,32,771,41,48,1019,53,1,1024,8,1028,14,16,1010,20,1015,23,24,1013
11,983,30,35,105,45,48,1020,53,1,1023,7,1027,14,16,1010,20,1015,23,24,1013
11,993,29,32,936,45,49,1019,53,1,1022,8,1026,13,16,1009,21,1016,23,24,1013
4,985,28,35,480,41,47,1020,52,1,1024,7,1028,14,15,1009,21,1015,23,24,1013
11,978,30,34,282,44,49,1019,52,1,1022,7,1026,14,16,1009,20,1015,22,25,1013
11,981,28,34,400,45,49,1017,52,1,1024,6,1028,12,15,1009,19,1015,22,24,1013
4,983,28,34,687,41,48,1018,53,2,1023,8,1027,14,16,1009,20,1015,22,24,1014
4,982,30,31,484,41,50,1018,53,3,1024,7,1028,12,15,1009,20,1015,23,24,1014
11,984,30,31,606,45,47,1018,51,1,1024,6,1028,14,16,1010,20,1015,23,24,1013
11,993,30,32,67,45,50,1018,53,1,1024,9,1028,14,17,1010,20,1015,22,24,1013
11,981,28,35,203,45,48,1020,54,1,1022,6,1026,14,15,1009,20,1015,23,24,1013
11,987,28,35,156,41,50,1020,53,1,1021,6,1025,14,16,1009,21,1015,23,24,1013
4,978,28,35,87,41,48,1018,53,1,1022,6,1026,14,15,1009,21,1016,23,24,1013
4,985,28,31,647,45,49,1018,53,2,1022,6,1026,14,16,1009,19,1015,22,25,1013
5,993,28,38,643,45,48,1018,54,1,1022,8,1026,14,16,1009,20,1015,22,24,1013
11,981,29,32,624,41,47,1017,52,1,1022,7,1026,14,16,1010,19,1015,22,24,1013
5,1008,28,31,573,45,48,1017,52,1,1022,6,1026,14,16,1009,19,1015,22,24,1013
11,993,29,35,706,41,48,1020,52,1,1024,6,1028,14,16,1010,20,1015,22,24,1013
5,987,30,34,728,41,47,1018,52,1,1024,8,1028,12,16,1009,19,1015,22,24,1014
5,991,28,35,541,45,50,1018,52,1,1024,8,1028,14,16,1009,20,1015,22,24,1013
11,977,28,40,392,44,50,1017,51,1,1022,6,1026,14,16,1009,20,1015,23,24,1013
4,987,27,40,569,41,48,1020,53,1,1022,7,1026,14,15,1009,20,1015,23,24,1014
5,1000,26,33,319,41,48,1017,52,1,1022,7,1026,12,16,1009,21,1015,23,25,1014
11,976,28,32,524,42,48,1017,53,2,1022,6,1026,14,16,1009,20,1016,22,24,1013
4,1003,28,31,239,41,50,1017,53,1,1024,9,1028,12,16,1009,21,1015,23,24,1014
4,987,28,34,440,42,46,1017,51,1,1021,7,1025,14,16,1009,20,1015,22,24,1014
4,987,28,34,584,41,50,1020,53,1,1022,7,1026,14,15,1009,21,1015,23,24,1014
11,983,30,34,311,41,48,1020,52,1,1022,9,1026,14,16,1010,20,1015,22,24,1013
11,1000,29,35,154,43,49,1020,53,1,1021,8,1025,14,16,1009,21,1015,23,24,1013
4,1008,28,35,194,41,47,1019,52,1,1024,7,1028,14,15,1009,20,1015,22,24,1014
5,978,28,31,364,41,49,1019,53,1,1024,7,1028,14,15,1009,20,1016,23,24,1013
4,987,27,34,840,41,47,1018,51,1,1021,7,1025,12,16,1009,20,1015,23,24,1014
4,978,27,31,845,41,47,1020,53,1,1022,8,1026,12,16,1010,20,1015,23,24,1014
4,983,30,34,69,41,47,1020,52,1,1024,7,1028,14,15,1009,20,1015,22,24,1013
4,1000,28,32,61,41,49,1020,53,1,1024,9,1028,13,17,1011,20,1016,23,24,1014
11,991,28,35,325,45,50,1020,53,1,1024,8,1028,14,16,1009,20,1015,23,24,1013
4,978,29,31,184,41,48,1020,53,1,1022,6,1026,14,16,1010,19,1016,22,24,1013
4,987,28,34,300,41,47,1020,53,2,1021,7,1025,14,16,1009,19,1015,22,25,1013
5,1008,28,35,293,41,47,1020,52,1,1022,8,1026,14,16,1009,20,1015,23,24,1014
11,1008,30,31,131,41,48,1019,53,1,1021,6,1025,14,16,1010,20,1015,22,24,1013
11,978,30,35,753,43,50,1020,53,1,1024,7,1028,14,16,1010,20,1016,23,24,1013
4,978,28,35,243,41,48,1020,52,1,1021,8,1025,12,16,1009,20,1015,22,24,1013
5,991,29,35,338,42,47,1020,53,1,1023,9,1027,13,16,1010,21,1015,22,24,1014
10,1008,28,35,874,41,48,1019,52,1,1022,6,1026,14,16,1009,19,1015,22,24,1014
5,1003,28,35,373,41,47,1020,54,1,1023,8,1027,14,15,1009,21,1015,23,24,1013
5,1004,28,38,800,41,48,1020,53,1,1024,9,1028,14,17,1009,20,1015,22,24,1014
11,987,30,32,837,45,48,1018,53,1,1024,7,1028,14,16,1010,21,1016,23,24,1013
11,978,28,31,613,45,47,1018,53,1,1023,7,1027,14,16,1009,21,1016,23,24,1013
11,976,28,31,263,41,48,1019,53,1,1022,6,1026,14,16,1009,19,1016,22,25,1013
11,987,28,34,951,45,49,1020,53,1,1022,8,1026,13,16,1009,20,1015,23,24,1013
11,995,30,31,228,41,49,1018,53,1,1021,6,1025,14,16,1011,19,1016,22,24,1013
4,981,28,34,320,41,47,1020,52,3,1021,7,1025,14,15,1009,20,1015,22,24,1013
5,1000,26,31,917,43,47,1017,52,1,1021,8,1025,14,16,1010,20,1015,22,24,1013
4,987,27,34,585,43,47,1020,53,1,1024,9,1028,14,17,1009,20,1016,23,24,1014
11,978,28,31,525,45,46,1020,53,1,1024,9,1028,14,16,1009,21,1015,23,24,1013
11,983,28,34,256,41,47,1020,54,2,1021,7,1025,14,16,1009,19,1016,22,24,1014
11,987,28,35,632,42,50,1018,53,1,1024,8,1028,14,16,1010,20,1015,22,24,1014
5,983,30,40,623,41,46,1019,54,1,1023,8,1027,14,16,1011,18,1016,23,24,1013
4,993,29,40,393,41,49,1018,53,1,1021,8,1025,14,16,1010,20,1015,23,24,1014
5,987,28,32,684,43,47,1019,52,1,1024,8,1028,14,15,1009,20,1015,22,24,1014
11,993,28,34,82,41,46,1020,52,1,1022,8,1026,14,16,1010,21,1015,23,24,1014
4,978,28,31,332,41,48,1020,52,3,1024,7,1028,14,16,1009,20,1015,23,24,1013
4,987,30,35,134,44,50,1020,52,1,1024,7,1028,14,15,1010,21,1015,23,24,1013
10,991,30,35,639,45,50,1020,53,1,1024,7,1028,13,16,1010,19,1015,22,24,1013
5,1008,30,35,97,41,50,1018,53,1,1024,6,1028,14,16,1011,19,1015,22,24,1013
4,990,28,31,678,41,48,1019,53,1,1022,8,1026,14,16,1009,19,1015,22,24,1014
5,987,28,34,555,42,50,1020,53,1,1024,9,1028,14,17,1009,20,1015,22,24,1013
11,1003,30,35,298,41,50,1018,54,1,1022,6,1026,14,15,1010,20,1015,22,24,1013
5,985,29,31,439,41,48,1017,51,1,1024,7,1028,14,16,1010,20,1015,22,24,1013
11,981,28,31,616,45,48,1019,53,1,1022,9,1026,14,16,1009,20,1015,22,24,1013
11,987,28,35,448,43,50,1019,53,1,1022,8,1026,12,16,1010,20,1015,23,24,1014
5,1003,28,37,713,41,47,1019,54,1,1021,7,1025,14,16,1009,19,1015,22,24,1013
5,991,28,35,295,45,48,1020,52,1,1021,8,1025,14,16,1009,20,1015,22,24,1013
5,989,30,35,467,43,48,1020,53,1,1022,7,1026,14,16,1010,19,1015,22,24,1014
11,981,28,35,619,41,50,1020,52,1,1022,8,1026,12,15,1009,21,1015,23,24,1013
11,997,28,35,855,45,49,1018,54,1,1024,7,1028,14,15,1009,20,1015,23,24,1013
4,977,30,31,668,41,48,1017,53,1,1022,6,1026,14,16,1010,19,1016,22,24,1013
5,981,28,37,248,42,48,1020,53,3,1022,6,1026,14,16,1009,20,1015,22,24,1013
11,987,28,31,868,41,48,1017,53,1,1024,7,1028,14,16,1009,19,1016,22,24,1013
4,987,27,31,112,41,46,1017,52,2,1024,9,1028,14,15,1010,18,1015,22,24,1014
4,1004,28,40,863,41,50,1020,53,2,1024,9,1028,14,15,1009,20,1015,22,24,1014
11,991,30,35,522,41,48,1020,52,1,1022,8,1026,14,16,1009,20,1015,23,24,1013
10,987,28,35,147,43,48,1019,52,1,1023,8,1027,14,16,1009,19,1015,22,24,1013
5,1003,28,35,880,41,48,1018,52,3,1023,6,1027,14,16,1009,20,1015,22,24,1013
5,983,29,40,453,45,50,1020,53,1,1022,7,1026,14,16,1010,20,1015,22,24,1013
11,987,29,31,470,41,50,1020,53,1,1024,8,1028,14,16,1010,19,1016,22,24,1014
5,981,27,31,150,42,48,1018,54,1,1022,7,1026,14,15,1009,20,1015,22,24,1014
5,991,30,34,919,41,49,1018,53,1,1022,7,1026,14,16,1009,20,1015,22,24,1014
11,1000,28,40,738,41,46,1019,53,1,1022,8,1026,12,15,1009,21,1015,23,24,1014
10,985,28,31,534,42,48,1017,52,1,1021,8,1025,12,16,1009,21,1015,23,24,1013
4,993,28,32,914,41,48,1018,53,1,1022,7,1026,14,16,1009,20,1016,22,24,1014
11,987,30,34,367,41,49,1018,53,1,1022,7,1026,14,16,1010,19,1015,22,24,1013
4,981,30,34,220,41,48,1020,52,1,1023,7,1027,14,15,1010,20,1015,22,24,1013
10,997,26,40,801,41,47,1018,51,1,1021,7,1025,14,16,1010,20,1015,22,24,1013
11,979,28,35,210,42,46,1018,52,1,1024,6,1028,14,16,1009,20,1015,22,24,1013
4,987,28,32,821,41,46,1020,53,1,1022,9,1026,14,17,1009,21,1015,23,24,1013
5,987,30,35,299,41,50,1020,53,1,1022,7,1026,14,16,1010,19,1015,22,24,1013
11,978,30,38,617,45,47,1018,53,1,1021,7,1025,14,16,1010,19,1016,22,24,1013
11,981,27,35,274,42,50,1020,53,1,1024,8,1028,12,16,1009,19,1016,22,24,1013
4,983,28,35,346,45,49,1018,54,1,1024,8,1028,14,15,1010,19,1015,22,24,1013
4,993,28,34,670,41,46,1020,53,1,1023,7,1027,14,16,1009,21,1015,23,24,1013
11,978,28,31,446,45,50,1020,53,1,1023,8,1027,14,16,1009,20,1015,23,24,1013
11,978,28,34,297,41,49,1019,52,1,1024,6,1028,14,16,1009,19,1015,22,24,1013
4,991,28,32,657,41,48,1020,51,1,1024,7,1028,14,16,1009,21,1015,23,24,1013
11,978,28,35,908,41,50,1020,53,1,1024,8,1028,14,16,1009,20,1015,22,24,1013
4,998,28,35,320,41,48,1020,53,1,1024,9,1028,14,17,1009,20,1015,23,24,1014
5,998,30,32,714,42,46,1019,53,1,1024,8,1028,14,16,1009,20,1015,22,24,1013
