A11,D6,A34,A43,C1169,A65,A75,P4,A93,A101,R4,A121,YR4,A143,A152,E2,A173,L1,A192,A201,K1
A12,D48,A32,A43,C5951,A61,A73,P2,A92,A101,R2,A121,YR2,A143,A152,E1,A173,L1,A191,A201,K2
A14,D12,A34,A46,C2096,A61,A74,P2,A93,A101,R3,A121,YR3,A143,A152,E1,A172,L2,A191,A201,K1
A11,D42,A32,A42,C7882,A61,A74,P2,A93,A103,R4,A122,YR4,A143,A153,E1,A173,L2,A191,A201,K1
A11,D24,A33,A40,C4870,A61,A73,P3,A93,A101,R4,A124,YR4,A143,A153,E2,A173,L2,A191,A201,K2
A14,D36,A32,A46,C9055,A65,A73,P2,A93,A101,R4,A124,YR4,A143,A153,E1,A172,L2,A192,A201,K1
A14,D24,A32,A42,C2835,A63,A75,P3,A93,A101,R4,A122,YR4,A143,A152,E1,A173,L1,A191,A201,K1
A12,D36,A32,A41,C6948,A61,A73,P2,A93,A101,R2,A123,YR2,A143,A151,E1,A174,L1,A192,A201,K1
A14,D12,A32,A43,C3059,A64,A74,P2,A91,A101,R4,A121,YR4,A143,A152,E1,A172,L1,A191,A201,K1
A12,D30,A34,A40,C5234,A61,A71,P4,A94,A101,R2,A123,YR2,A143,A152,E2,A174,L1,A191,A201,K2
A12,D12,A32,A40,C1295,A61,A72,P3,A92,A101,R1,A123,YR1,A143,A151,E1,A173,L1,A191,A201,K2
A11,D48,A32,A49,C4308,A61,A72,P3,A92,A101,R4,A122,YR4,A143,A151,E1,A173,L1,A191,A201,K2
A12,D12,A32,A43,C1567,A61,A73,P1,A92,A101,R1,A123,YR1,A143,A152,E1,A173,L1,A192,A201,K1
A11,D24,A34,A40,C1199,A61,A75,P4,A93,A101,R4,A123,YR4,A143,A152,E2,A172,L1,A191,A201,K2
A11,D15,A32,A40,C1403,A61,A73,P2,A92,A101,R4,A123,YR4,A143,A151,E1,A173,L1,A191,A201,K1
A11,D24,A32,A43,C1282,A62,A73,P4,A92,A101,R2,A123,YR2,A143,A152,E1,A172,L1,A191,A201,K2
A14,D24,A34,A43,C2424,A65,A75,P4,A93,A101,R4,A122,YR4,A143,A152,E2,A173,L1,A191,A201,K1
A11,D30,A30,A49,C8072,A65,A72,P2,A93,A101,R3,A123,YR3,A141,A152,E3,A173,L1,A191,A201,K1
A12,D24,A32,A41,C12579,A61,A75,P4,A92,A101,R2,A124,YR2,A143,A153,E1,A174,L1,A192,A201,K2
A14,D24,A32,A43,C3430,A63,A75,P3,A93,A101,R2,A123,YR2,A143,A152,E1,A173,L2,A192,A201,K1
A14,D9,A34,A40,C2134,A61,A73,P4,A93,A101,R4,A123,YR4,A143,A152,E3,A173,L1,A192,A201,K1
A11,D6,A32,A43,C2647,A63,A73,P2,A93,A101,R3,A121,YR3,A143,A151,E1,A173,L2,A191,A201,K1
A11,D10,A34,A40,C2241,A61,A72,P1,A93,A101,R3,A121,YR3,A143,A151,E2,A172,L2,A191,A202,K1
A12,D12,A34,A41,C1804,A62,A72,P3,A93,A101,R4,A122,YR4,A143,A152,E1,A173,L1,A191,A201,K1
A14,D10,A34,A42,C2069,A65,A73,P2,A94,A101,R1,A123,YR1,A143,A152,E2,A173,L1,A191,A202,K1
A11,D6,A32,A42,C1374,A61,A73,P1,A93,A101,R2,A121,YR2,A141,A152,E1,A172,L1,A192,A201,K1
A14,D6,A30,A43,C426,A61,A75,P4,A94,A101,R4,A123,YR4,A143,A152,E1,A172,L1,A191,A201,K1
A13,D12,A31,A43,C409,A64,A73,P3,A92,A101,R3,A121,YR3,A143,A151,E2,A173,L1,A191,A201,K1
A12,D7,A32,A43,C2415,A61,A73,P3,A93,A103,R2,A121,YR2,A143,A152,E1,A173,L1,A191,A201,K1
A11,D60,A33,A49,C6836,A61,A75,P3,A93,A101,R4,A124,YR4,A143,A152,E2,A173,L1,A192,A201,K2
A12,D18,A32,A49,C1913,A64,A72,P3,A94,A101,R3,A121,YR3,A141,A152,E1,A173,L1,A192,A201,K1
A11,D24,A32,A42,C4020,A61,A73,P2,A93,A101,R2,A123,YR2,A142,A152,E1,A173,L1,A191,A201,K1
A12,D18,A32,A40,C5866,A62,A73,P2,A93,A101,R2,A123,YR2,A143,A152,E2,A173,L1,A192,A201,K1
A14,D12,A34,A49,C1264,A65,A75,P4,A93,A101,R4,A124,YR4,A143,A151,E1,A172,L1,A191,A201,K1
A13,D12,A32,A42,C1474,A61,A72,P4,A92,A101,R1,A122,YR1,A141,A152,E1,A174,L1,A192,A201,K1
A12,D45,A34,A43,C4746,A61,A72,P4,A93,A101,R2,A122,YR2,A143,A152,E2,A172,L1,A191,A201,K2
A14,D48,A34,A46,C6110,A61,A73,P1,A93,A101,R3,A124,YR3,A141,A153,E1,A173,L1,A192,A201,K1
A13,D18,A32,A43,C2100,A61,A73,P4,A93,A102,R2,A121,YR2,A142,A152,E1,A173,L1,A191,A201,K2
A13,D10,A32,A44,C1225,A61,A73,P2,A93,A101,R2,A123,YR2,A143,A152,E1,A173,L1,A192,A201,K1
A12,D9,A32,A43,C458,A61,A73,P4,A93,A101,R3,A121,YR3,A143,A152,E1,A173,L1,A191,A201,K1
A14,D30,A32,A43,C2333,A63,A75,P4,A93,A101,R2,A123,YR2,A141,A152,E1,A174,L1,A191,A201,K1
A12,D12,A32,A43,C1158,A63,A73,P3,A91,A101,R1,A123,YR1,A143,A152,E1,A173,L1,A192,A201,K1
A12,D18,A33,A45,C6204,A61,A73,P2,A93,A101,R4,A121,YR4,A143,A152,E1,A172,L2,A192,A201,K1
A11,D30,A34,A41,C6187,A62,A74,P1,A94,A101,R4,A123,YR4,A143,A151,E2,A173,L1,A191,A201,K1
A11,D48,A34,A41,C6143,A61,A75,P4,A92,A101,R4,A124,YR4,A142,A153,E2,A172,L1,A191,A201,K2
A14,D11,A34,A40,C1393,A61,A72,P4,A92,A101,R4,A123,YR4,A143,A152,E2,A174,L1,A191,A201,K1
A14,D36,A32,A43,C2299,A63,A75,P4,A93,A101,R4,A123,YR4,A143,A152,E1,A173,L1,A191,A201,K1
A11,D6,A32,A41,C1352,A63,A71,P1,A92,A101,R2,A122,YR2,A143,A151,E1,A171,L1,A192,A201,K1
A14,D11,A34,A40,C7228,A61,A73,P1,A93,A101,R4,A122,YR4,A143,A152,E2,A172,L1,A191,A201,K1
A14,D12,A32,A43,C2073,A62,A73,P4,A92,A102,R2,A121,YR2,A143,A152,E1,A173,L1,A191,A201,K1
A12,D24,A33,A42,C2333,A65,A72,P4,A93,A101,R2,A122,YR2,A141,A152,E1,A172,L1,A191,A201,K1
A12,D27,A33,A41,C5965,A61,A75,P1,A93,A101,R2,A123,YR2,A143,A152,E2,A174,L1,A192,A201,K1
A14,D12,A32,A43,C1262,A61,A73,P3,A93,A101,R2,A123,YR2,A143,A152,E1,A173,L1,A191,A201,K1
A14,D18,A32,A41,C3378,A65,A73,P2,A93,A101,R1,A122,YR1,A143,A152,E1,A173,L1,A192,A201,K1
A12,D36,A33,A40,C2225,A61,A75,P4,A93,A101,R4,A124,YR4,A141,A153,E2,A173,L1,A192,A201,K2
A14,D6,A31,A40,C783,A65,A73,P1,A93,A103,R2,A121,YR2,A142,A152,E1,A172,L2,A191,A201,K1
A12,D12,A32,A43,C6468,A65,A71,P2,A93,A101,R1,A124,YR1,A143,A152,E1,A174,L1,A192,A201,K2
A14,D36,A34,A43,C9566,A61,A73,P2,A92,A101,R2,A123,YR2,A142,A152,E2,A173,L1,A191,A201,K1
A13,D18,A32,A40,C1961,A61,A75,P3,A92,A101,R2,A123,YR2,A143,A152,E1,A174,L1,A191,A201,K1
A11,D36,A34,A42,C6229,A61,A72,P4,A92,A102,R4,A124,YR4,A143,A151,E2,A172,L1,A192,A201,K2
A12,D9,A32,A49,C1391,A61,A73,P2,A94,A101,R1,A121,YR1,A141,A152,E1,A173,L1,A192,A201,K1
A12,D15,A34,A43,C1537,A65,A75,P4,A93,A103,R4,A121,YR4,A143,A152,E2,A173,L1,A192,A201,K1
A12,D36,A30,A49,C1953,A61,A75,P4,A93,A101,R4,A124,YR4,A143,A153,E1,A174,L1,A192,A201,K2
A12,D48,A30,A49,C14421,A61,A73,P2,A93,A101,R2,A123,YR2,A143,A152,E1,A173,L1,A192,A201,K2
A14,D24,A32,A43,C3181,A61,A72,P4,A92,A101,R4,A122,YR4,A143,A152,E1,A173,L1,A192,A201,K1
A14,D27,A32,A45,C5190,A65,A75,P4,A93,A101,R4,A122,YR4,A143,A152,E4,A173,L2,A192,A201,K1
A14,D12,A32,A43,C2171,A61,A72,P2,A92,A101,R2,A123,YR2,A141,A152,E1,A173,L1,A191,A201,K1
A12,D12,A32,A40,C1007,A64,A73,P4,A94,A101,R1,A121,YR1,A143,A152,E1,A173,L1,A191,A201,K1
A14,D36,A32,A46,C1819,A61,A73,P4,A93,A101,R4,A124,YR4,A142,A153,E1,A173,L1,A192,A201,K2
A14,D36,A32,A43,C2394,A65,A73,P4,A92,A101,R4,A123,YR4,A143,A152,E1,A173,L1,A191,A201,K1
A14,D36,A32,A41,C8133,A61,A73,P1,A92,A101,R2,A122,YR2,A141,A152,E1,A173,L1,A191,A201,K1
A14,D7,A34,A43,C730,A65,A75,P4,A93,A101,R2,A122,YR2,A143,A151,E2,A172,L1,A192,A201,K1
A11,D8,A34,A410,C1164,A61,A75,P3,A93,A101,R4,A124,YR4,A141,A153,E2,A174,L2,A192,A201,K1
A12,D42,A34,A49,C5954,A61,A74,P2,A92,A101,R1,A121,YR1,A141,A152,E2,A172,L1,A191,A201,K1
A11,D36,A32,A46,C1977,A65,A75,P4,A93,A101,R4,A124,YR4,A143,A152,E1,A174,L1,A192,A201,K2
A11,D12,A34,A41,C1526,A61,A75,P4,A93,A101,R4,A124,YR4,A143,A153,E2,A174,L1,A191,A201,K1
A11,D42,A32,A43,C3965,A61,A72,P4,A93,A101,R3,A123,YR3,A143,A152,E1,A173,L1,A191,A201,K2
A12,D11,A33,A43,C4771,A61,A74,P2,A93,A101,R4,A122,YR4,A143,A152,E1,A173,L1,A191,A201,K1
A14,D54,A30,A41,C9436,A65,A73,P2,A93,A101,R2,A122,YR2,A143,A152,E1,A172,L2,A191,A201,K1
A12,D30,A32,A42,C3832,A61,A72,P2,A94,A101,R1,A122,YR1,A143,A152,E1,A173,L1,A191,A201,K1
A14,D24,A32,A43,C5943,A65,A72,P1,A92,A101,R1,A123,YR1,A143,A152,E2,A173,L1,A192,A201,K2
A14,D15,A32,A43,C1213,A63,A75,P4,A93,A101,R3,A122,YR3,A142,A152,E1,A173,L1,A192,A201,K1
A14,D18,A32,A49,C1568,A62,A73,P3,A92,A101,R4,A122,YR4,A143,A151,E1,A172,L1,A191,A201,K1
A11,D24,A32,A410,C1755,A61,A75,P4,A92,A103,R4,A121,YR4,A143,A152,E1,A172,L1,A192,A201,K1
A11,D10,A32,A43,C2315,A61,A75,P3,A93,A101,R4,A121,YR4,A143,A152,E1,A172,L1,A191,A201,K1
A14,D12,A34,A49,C1412,A61,A73,P4,A92,A103,R2,A121,YR2,A143,A152,E2,A174,L1,A192,A201,K1
A12,D18,A34,A42,C1295,A61,A72,P4,A92,A101,R1,A122,YR1,A143,A152,E2,A173,L1,A191,A201,K1
A12,D36,A32,A46,C12612,A62,A73,P1,A93,A101,R4,A124,YR4,A143,A153,E1,A173,L2,A192,A201,K2
A11,D18,A32,A40,C2249,A62,A74,P4,A93,A101,R3,A123,YR3,A143,A152,E1,A174,L2,A192,A201,K1
A11,D12,A30,A45,C1108,A61,A74,P4,A93,A101,R3,A121,YR3,A143,A152,E2,A173,L1,A191,A201,K2
A14,D12,A34,A43,C618,A61,A75,P4,A93,A101,R4,A121,YR4,A143,A152,E1,A173,L1,A191,A201,K1
A11,D12,A34,A41,C1409,A61,A75,P4,A93,A101,R3,A121,YR3,A143,A152,E1,A173,L1,A191,A201,K1
A14,D12,A34,A43,C797,A65,A75,P4,A92,A101,R3,A122,YR3,A141,A152,E1,A172,L2,A191,A201,K2
A13,D24,A34,A42,C3617,A65,A75,P4,A93,A102,R4,A124,YR4,A143,A151,E2,A173,L1,A191,A201,K1
A12,D12,A32,A40,C1318,A64,A75,P4,A93,A101,R4,A121,YR4,A143,A152,E1,A173,L1,A192,A201,K1
A12,D54,A30,A49,C15945,A61,A72,P3,A93,A101,R4,A124,YR4,A143,A151,E1,A173,L1,A192,A201,K2
A14,D12,A34,A46,C2012,A65,A74,P4,A92,A101,R2,A123,YR2,A143,A152,E1,A173,L1,A191,A201,K1
A12,D18,A32,A49,C2622,A62,A73,P4,A93,A101,R4,A123,YR4,A143,A152,E1,A173,L1,A191,A201,K1
A12,D36,A34,A43,C2337,A61,A75,P4,A93,A101,R4,A121,YR4,A143,A152,E1,A173,L1,A191,A201,K1
A12,D20,A33,A41,C7057,A65,A74,P3,A93,A101,R4,A122,YR4,A141,A151,E2,A174,L2,A192,A201,K1
A14,D24,A32,A40,C1469,A62,A75,P4,A94,A101,R4,A121,YR4,A143,A151,E1,A172,L1,A191,A201,K1
A12,D36,A32,A43,C2323,A61,A74,P4,A93,A101,R4,A123,YR4,A143,A151,E1,A173,L1,A191,A201,K1
A14,D6,A33,A43,C932,A61,A73,P3,A92,A101,R2,A121,YR2,A143,A152,E1,A173,L1,A191,A201,K1
A12,D9,A34,A42,C1919,A61,A74,P4,A93,A101,R3,A123,YR3,A143,A151,E1,A173,L1,A192,A201,K1
A14,D12,A32,A41,C2445,A65,A72,P2,A94,A101,R4,A123,YR4,A143,A151,E1,A173,L1,A192,A201,K1
A12,D24,A34,A410,C11938,A61,A73,P2,A93,A102,R3,A123,YR3,A143,A152,E2,A174,L2,A192,A201,K2
A14,D18,A31,A40,C6458,A61,A75,P2,A93,A101,R4,A124,YR4,A141,A152,E2,A174,L2,A192,A201,K2
A12,D12,A32,A40,C6078,A61,A74,P2,A93,A101,R2,A123,YR2,A143,A152,E1,A173,L1,A191,A201,K1
A11,D24,A32,A42,C7721,A65,A72,P1,A92,A101,R2,A122,YR2,A143,A152,E1,A173,L1,A192,A202,K1
A12,D14,A32,A49,C1410,A63,A75,P1,A94,A101,R2,A121,YR2,A143,A152,E1,A173,L1,A192,A201,K1
A12,D6,A33,A49,C1449,A62,A75,P1,A91,A101,R2,A123,YR2,A141,A152,E2,A173,L2,A191,A201,K1
A13,D15,A32,A46,C392,A61,A72,P4,A92,A101,R4,A122,YR4,A143,A151,E1,A173,L1,A192,A201,K1
A12,D18,A32,A40,C6260,A61,A74,P3,A93,A101,R3,A121,YR3,A143,A151,E1,A172,L1,A191,A201,K1
A14,D36,A34,A40,C7855,A61,A73,P4,A92,A101,R2,A121,YR2,A142,A152,E2,A173,L1,A192,A201,K2
A11,D12,A32,A43,C1680,A63,A75,P3,A94,A101,R1,A121,YR1,A143,A152,E1,A173,L1,A191,A201,K1
A14,D48,A34,A43,C3578,A65,A75,P4,A93,A101,R1,A121,YR1,A143,A152,E1,A173,L1,A192,A201,K1
A11,D42,A32,A43,C7174,A65,A74,P4,A92,A101,R3,A123,YR3,A143,A152,E1,A174,L1,A192,A201,K2
A11,D10,A34,A42,C2132,A65,A72,P2,A92,A102,R3,A121,YR3,A143,A151,E2,A173,L1,A191,A202,K1
A11,D33,A34,A42,C4281,A63,A73,P1,A92,A101,R4,A123,YR4,A143,A152,E2,A173,L1,A191,A201,K2
A12,D12,A34,A40,C2366,A63,A74,P3,A91,A101,R3,A123,YR3,A143,A152,E1,A174,L1,A192,A201,K1
A11,D21,A32,A43,C1835,A61,A73,P3,A92,A101,R2,A121,YR2,A143,A152,E2,A173,L1,A192,A201,K2
A14,D24,A34,A41,C3868,A61,A75,P4,A92,A101,R2,A123,YR2,A143,A151,E2,A174,L1,A192,A201,K1
A14,D12,A32,A42,C1768,A61,A73,P3,A93,A101,R2,A121,YR2,A143,A151,E1,A172,L1,A191,A201,K1
A13,D10,A34,A40,C781,A61,A75,P4,A93,A101,R4,A124,YR4,A143,A153,E2,A173,L1,A192,A201,K1
A12,D18,A32,A42,C1924,A65,A72,P4,A92,A101,R3,A121,YR3,A143,A151,E1,A173,L1,A191,A201,K2
A11,D12,A34,A40,C2121,A61,A73,P4,A93,A101,R2,A122,YR2,A143,A152,E2,A173,L1,A191,A201,K1
A11,D12,A32,A43,C701,A61,A73,P4,A94,A101,R2,A121,YR2,A143,A152,E1,A172,L1,A191,A201,K1
A12,D12,A32,A45,C639,A61,A73,P4,A93,A101,R2,A123,YR2,A143,A152,E1,A173,L1,A191,A201,K2
A12,D12,A34,A41,C1860,A61,A71,P4,A93,A101,R2,A123,YR2,A143,A152,E2,A174,L1,A192,A201,K1
A11,D12,A34,A40,C3499,A61,A73,P3,A92,A102,R2,A121,YR2,A143,A152,E2,A173,L1,A191,A201,K2
A12,D48,A32,A40,C8487,A65,A74,P1,A92,A101,R2,A123,YR2,A143,A152,E1,A173,L1,A191,A201,K1
A11,D36,A33,A46,C6887,A61,A73,P4,A93,A101,R3,A122,YR3,A142,A152,E1,A173,L1,A192,A201,K2
A14,D15,A32,A42,C2708,A61,A72,P2,A93,A101,R3,A122,YR3,A141,A152,E2,A172,L1,A191,A201,K1
A14,D18,A32,A42,C1984,A61,A73,P4,A93,A101,R4,A124,YR4,A141,A153,E2,A173,L1,A191,A201,K1
A14,D60,A32,A43,C10144,A62,A74,P2,A92,A101,R4,A121,YR4,A143,A152,E1,A173,L1,A192,A201,K1
A14,D12,A34,A43,C1240,A65,A75,P4,A92,A101,R2,A121,YR2,A143,A152,E2,A173,L1,A192,A201,K1
A14,D27,A33,A41,C8613,A64,A73,P2,A93,A101,R2,A123,YR2,A143,A152,E2,A173,L1,A191,A201,K1
A12,D12,A32,A43,C766,A63,A73,P4,A93,A101,R3,A121,YR3,A143,A152,E1,A172,L1,A191,A201,K2
A12,D15,A34,A43,C2728,A65,A74,P4,A93,A103,R2,A121,YR2,A141,A152,E3,A173,L1,A192,A201,K1
A13,D12,A32,A43,C1881,A61,A73,P2,A92,A101,R2,A123,YR2,A143,A151,E1,A172,L1,A192,A201,K1
A13,D6,A32,A40,C709,A64,A72,P2,A94,A101,R2,A121,YR2,A143,A152,E1,A171,L1,A191,A202,K1
A12,D36,A32,A43,C4795,A61,A72,P4,A92,A101,R1,A124,YR1,A143,A152,E1,A174,L1,A192,A201,K1
A11,D27,A32,A43,C3416,A61,A73,P3,A93,A101,R2,A123,YR2,A143,A152,E1,A174,L1,A191,A201,K1
A11,D18,A32,A42,C2462,A61,A73,P2,A93,A101,R2,A123,YR2,A143,A152,E1,A173,L1,A191,A201,K2
A14,D21,A34,A42,C2288,A61,A72,P4,A92,A101,R4,A122,YR4,A143,A152,E1,A173,L1,A192,A201,K1
A12,D48,A31,A49,C3566,A62,A74,P4,A93,A101,R2,A123,YR2,A143,A152,E1,A173,L1,A191,A201,K1
A11,D6,A34,A40,C860,A61,A75,P1,A92,A101,R4,A124,YR4,A143,A152,E2,A173,L1,A192,A201,K1
A14,D12,A34,A40,C682,A62,A74,P4,A92,A101,R3,A123,YR3,A143,A152,E2,A173,L1,A192,A201,K1
A11,D36,A34,A42,C5371,A61,A73,P3,A93,A103,R2,A122,YR2,A143,A152,E2,A173,L1,A191,A201,K1
A14,D18,A34,A43,C1582,A64,A75,P4,A93,A101,R4,A123,YR4,A143,A152,E2,A173,L1,A191,A201,K1
A14,D6,A32,A43,C1346,A62,A75,P2,A93,A101,R4,A124,YR4,A141,A153,E1,A173,L2,A192,A201,K1
A14,D10,A32,A43,C1924,A61,A73,P1,A93,A101,R4,A122,YR4,A143,A152,E1,A173,L1,A192,A202,K1
A13,D36,A32,A43,C5848,A61,A73,P4,A93,A101,R1,A123,YR1,A143,A152,E1,A173,L1,A191,A201,K1
A12,D24,A34,A41,C7758,A64,A75,P2,A92,A101,R4,A124,YR4,A143,A151,E1,A173,L1,A191,A201,K1
A12,D24,A33,A49,C6967,A62,A74,P4,A93,A101,R4,A123,YR4,A143,A151,E1,A174,L1,A192,A201,K1
A11,D12,A32,A42,C1282,A61,A73,P2,A92,A101,R4,A123,YR4,A143,A151,E1,A173,L1,A191,A201,K2
A11,D9,A34,A45,C1288,A62,A75,P3,A93,A103,R4,A121,YR4,A143,A152,E2,A173,L2,A191,A202,K1
A11,D12,A31,A48,C339,A61,A75,P4,A94,A101,R1,A123,YR1,A141,A152,E1,A172,L1,A191,A201,K1
A12,D24,A32,A40,C3512,A62,A74,P2,A93,A101,R3,A123,YR3,A141,A152,E2,A173,L1,A192,A201,K1
A14,D6,A34,A43,C1898,A65,A73,P1,A93,A101,R2,A121,YR2,A143,A152,E2,A172,L2,A191,A201,K1
A14,D24,A34,A43,C2872,A62,A75,P3,A93,A101,R4,A121,YR4,A143,A152,E1,A173,L2,A192,A201,K1
A14,D18,A34,A40,C1055,A61,A72,P4,A92,A101,R1,A122,YR1,A143,A152,E2,A173,L1,A191,A201,K1
A14,D15,A32,A44,C1262,A63,A74,P4,A93,A101,R3,A122,YR3,A143,A152,E2,A173,L1,A192,A201,K1
A12,D10,A32,A40,C7308,A61,A71,P2,A93,A101,R4,A124,YR4,A141,A153,E1,A174,L1,A192,A201,K1
A14,D36,A32,A40,C909,A63,A75,P4,A93,A101,R4,A122,YR4,A143,A152,E1,A173,L1,A191,A201,K1
A14,D6,A32,A42,C2978,A63,A73,P1,A93,A101,R2,A123,YR2,A143,A152,E1,A173,L1,A192,A201,K1
A11,D18,A32,A42,C1131,A61,A71,P4,A92,A101,R2,A123,YR2,A143,A152,E1,A173,L1,A191,A201,K2
A12,D11,A32,A42,C1577,A64,A72,P4,A92,A101,R1,A121,YR1,A143,A152,E1,A173,L1,A191,A201,K1
A14,D24,A32,A42,C3972,A61,A74,P2,A92,A101,R4,A122,YR4,A143,A151,E1,A173,L1,A192,A201,K1
A12,D24,A34,A49,C1935,A61,A75,P4,A91,A101,R4,A121,YR4,A143,A152,E2,A173,L1,A192,A201,K2
A11,D15,A30,A40,C950,A61,A75,P4,A93,A101,R3,A123,YR3,A143,A151,E2,A173,L2,A191,A201,K2
A14,D12,A32,A42,C763,A61,A73,P4,A92,A101,R1,A121,YR1,A143,A152,E1,A173,L1,A192,A201,K1
A12,D24,A33,A42,C2064,A61,A71,P3,A92,A101,R2,A122,YR2,A143,A152,E1,A174,L1,A192,A201,K2
A12,D8,A32,A43,C1414,A61,A73,P4,A93,A103,R2,A121,YR2,A143,A152,E1,A173,L1,A191,A202,K1
A11,D21,A33,A46,C3414,A61,A72,P2,A93,A101,R1,A122,YR1,A143,A152,E2,A173,L1,A191,A201,K2
A14,D30,A31,A41,C7485,A65,A71,P4,A92,A101,R1,A121,YR1,A141,A152,E1,A174,L1,A192,A201,K2
A11,D12,A32,A42,C2577,A61,A73,P2,A91,A101,R1,A123,YR1,A143,A152,E1,A173,L1,A191,A201,K1
A11,D6,A34,A43,C338,A63,A75,P4,A93,A101,R4,A123,YR4,A143,A152,E2,A173,L1,A191,A201,K1
A14,D12,A32,A43,C1963,A61,A74,P4,A93,A101,R2,A123,YR2,A143,A151,E2,A174,L2,A192,A201,K1
A11,D21,A34,A40,C571,A61,A75,P4,A93,A101,R4,A121,YR4,A143,A152,E2,A173,L1,A191,A201,K1
A14,D36,A33,A49,C9572,A61,A72,P1,A91,A101,R1,A123,YR1,A143,A152,E2,A173,L1,A191,A201,K2
A12,D36,A33,A49,C4455,A61,A73,P2,A91,A101,R2,A121,YR2,A142,A152,E2,A174,L1,A192,A201,K2
A11,D21,A31,A40,C1647,A65,A73,P4,A93,A101,R2,A122,YR2,A143,A152,E2,A172,L2,A191,A201,K2
A14,D24,A34,A42,C3777,A64,A73,P4,A93,A101,R4,A121,YR4,A143,A152,E1,A173,L1,A192,A201,K1
A12,D18,A34,A40,C884,A61,A75,P4,A93,A101,R4,A123,YR4,A141,A152,E1,A173,L2,A192,A201,K2
A14,D15,A34,A43,C1360,A61,A73,P4,A93,A101,R2,A122,YR2,A143,A152,E2,A173,L1,A191,A201,K1
A12,D9,A31,A41,C5129,A61,A75,P2,A92,A101,R4,A124,YR4,A141,A153,E1,A174,L2,A192,A201,K2
A12,D16,A34,A40,C1175,A61,A71,P2,A93,A101,R3,A123,YR3,A143,A153,E3,A171,L1,A192,A201,K1
A11,D12,A32,A43,C674,A62,A74,P4,A94,A101,R1,A122,YR1,A143,A152,E1,A173,L1,A191,A201,K2
A12,D18,A30,A42,C3244,A61,A73,P1,A92,A101,R4,A123,YR4,A141,A152,E2,A173,L1,A192,A201,K1
A14,D24,A32,A49,C4591,A64,A73,P2,A93,A101,R3,A122,YR3,A143,A152,E3,A174,L1,A192,A201,K2
A12,D48,A30,A49,C3844,A62,A74,P4,A93,A101,R4,A124,YR4,A143,A153,E1,A172,L2,A191,A201,K2
A12,D27,A32,A49,C3915,A61,A73,P4,A93,A101,R2,A123,YR2,A143,A152,E1,A173,L2,A192,A201,K2
A14,D6,A32,A43,C2108,A61,A74,P2,A94,A101,R2,A121,YR2,A143,A151,E1,A173,L1,A191,A201,K1
A12,D45,A32,A43,C3031,A62,A73,P4,A93,A103,R4,A122,YR4,A143,A151,E1,A173,L1,A191,A201,K2
A12,D9,A34,A46,C1501,A61,A75,P2,A92,A101,R3,A123,YR3,A143,A152,E2,A174,L1,A192,A201,K2
A14,D6,A34,A43,C1382,A61,A73,P1,A92,A101,R1,A123,YR1,A143,A152,E2,A173,L1,A192,A201,K1
A12,D12,A32,A42,C951,A62,A72,P4,A92,A101,R4,A123,YR4,A141,A151,E4,A173,L1,A191,A201,K2
A12,D24,A32,A41,C2760,A65,A75,P4,A93,A101,R4,A124,YR4,A141,A153,E1,A173,L1,A192,A201,K1
A12,D18,A33,A42,C4297,A61,A75,P4,A91,A101,R3,A124,YR3,A143,A152,E1,A174,L1,A192,A201,K2
A14,D9,A34,A46,C936,A63,A75,P4,A93,A101,R2,A123,YR2,A143,A152,E2,A173,L1,A192,A201,K1
A11,D12,A32,A40,C1168,A61,A73,P4,A94,A101,R3,A121,YR3,A143,A152,E1,A172,L1,A191,A201,K1
A14,D27,A33,A49,C5117,A61,A74,P3,A93,A101,R4,A123,YR4,A143,A152,E2,A173,L1,A191,A201,K1
A11,D12,A32,A48,C902,A61,A74,P4,A94,A101,R4,A122,YR4,A143,A151,E1,A173,L1,A191,A201,K2
A14,D12,A34,A40,C1495,A61,A75,P4,A93,A101,R1,A121,YR1,A143,A152,E2,A172,L2,A191,A201,K1
A11,D30,A34,A41,C10623,A61,A75,P3,A93,A101,R4,A124,YR4,A143,A153,E3,A174,L2,A192,A201,K1
A14,D12,A34,A42,C1935,A61,A75,P4,A93,A101,R4,A121,YR4,A143,A152,E3,A173,L1,A192,A201,K1
A12,D12,A34,A44,C1424,A61,A74,P4,A93,A101,R3,A122,YR3,A143,A152,E1,A173,L1,A191,A201,K1
A11,D24,A32,A49,C6568,A61,A73,P2,A94,A101,R2,A123,YR2,A142,A152,E1,A172,L1,A191,A201,K1
A14,D12,A32,A41,C1413,A64,A74,P3,A93,A101,R2,A122,YR2,A143,A152,E1,A173,L1,A191,A202,K1
A14,D9,A34,A43,C3074,A65,A73,P1,A93,A101,R2,A121,YR2,A143,A152,E2,A173,L2,A191,A201,K1
A14,D36,A32,A43,C3835,A65,A75,P2,A92,A101,R4,A121,YR4,A143,A152,E1,A172,L1,A192,A201,K1
A11,D27,A30,A49,C5293,A61,A71,P2,A93,A101,R4,A122,YR4,A142,A152,E2,A173,L1,A192,A201,K2
A13,D30,A33,A49,C1908,A61,A75,P4,A93,A101,R4,A121,YR4,A143,A152,E1,A174,L1,A192,A201,K2
A14,D36,A34,A43,C3342,A65,A75,P4,A93,A101,R2,A123,YR2,A143,A152,E1,A173,L1,A192,A201,K1
A12,D6,A34,A48,C932,A65,A74,P1,A92,A101,R3,A122,YR3,A143,A152,E2,A172,L1,A191,A201,K1
A11,D18,A30,A49,C3104,A61,A74,P3,A93,A101,R1,A122,YR1,A141,A152,E1,A173,L1,A192,A201,K1
A13,D36,A32,A43,C3913,A61,A73,P2,A93,A101,R2,A121,YR2,A143,A152,E1,A173,L1,A192,A201,K1
A11,D24,A32,A42,C3021,A61,A73,P2,A91,A101,R2,A121,YR2,A143,A151,E1,A172,L1,A191,A201,K1
A14,D10,A32,A40,C1364,A61,A73,P2,A92,A101,R4,A123,YR4,A143,A152,E1,A173,L1,A192,A201,K1
A12,D12,A32,A43,C625,A61,A72,P4,A94,A103,R1,A121,YR1,A141,A152,E1,A172,L1,A191,A201,K1
A11,D12,A32,A46,C1200,A65,A73,P4,A92,A101,R4,A122,YR4,A141,A151,E1,A173,L1,A192,A201,K1
A14,D12,A32,A43,C707,A61,A73,P4,A93,A101,R2,A121,YR2,A141,A152,E2,A173,L1,A191,A201,K1
A14,D24,A33,A49,C2978,A65,A73,P4,A93,A101,R4,A121,YR4,A143,A152,E2,A173,L2,A192,A201,K1
A14,D15,A32,A41,C4657,A61,A73,P3,A93,A101,R2,A123,YR2,A143,A152,E1,A173,L1,A192,A201,K1
A14,D36,A30,A45,C2613,A61,A73,P4,A93,A101,R2,A123,YR2,A143,A152,E2,A173,L1,A191,A201,K1
A12,D48,A32,A43,C10961,A64,A74,P1,A93,A102,R2,A124,YR2,A141,A152,E2,A173,L1,A192,A201,K2
A11,D12,A32,A42,C7865,A61,A75,P4,A93,A101,R4,A124,YR4,A143,A153,E1,A174,L1,A192,A201,K2
A14,D9,A32,A43,C1478,A61,A74,P4,A93,A101,R2,A123,YR2,A143,A152,E1,A173,L1,A191,A201,K2
A11,D24,A32,A42,C3149,A61,A72,P4,A93,A101,R1,A124,YR1,A141,A153,E1,A173,L1,A191,A201,K1
A13,D36,A32,A43,C4210,A61,A73,P4,A93,A101,R2,A123,YR2,A143,A152,E1,A173,L1,A191,A201,K2
A14,D9,A32,A40,C2507,A63,A75,P2,A93,A101,R4,A124,YR4,A143,A153,E1,A172,L1,A191,A201,K1
A14,D12,A32,A43,C2141,A62,A74,P3,A93,A101,R1,A124,YR1,A143,A152,E1,A173,L1,A191,A201,K1
A12,D18,A32,A43,C866,A61,A73,P4,A94,A103,R2,A121,YR2,A143,A152,E1,A172,L1,A191,A201,K1
A14,D4,A34,A43,C1544,A61,A74,P2,A93,A101,R1,A121,YR1,A143,A152,E3,A172,L2,A191,A201,K1
A11,D24,A32,A43,C1823,A61,A71,P4,A93,A101,R2,A123,YR2,A142,A152,E1,A174,L2,A191,A201,K2
A12,D6,A32,A40,C14555,A65,A71,P1,A93,A101,R2,A122,YR2,A143,A152,E1,A171,L1,A192,A201,K2
A12,D21,A32,A49,C2767,A62,A75,P4,A91,A101,R2,A123,YR2,A141,A151,E2,A172,L1,A191,A201,K2
A14,D12,A34,A43,C1291,A61,A73,P4,A92,A101,R2,A122,YR2,A143,A152,E2,A173,L1,A191,A201,K1
A11,D30,A32,A43,C2522,A61,A75,P1,A93,A103,R3,A122,YR3,A143,A152,E1,A173,L2,A191,A201,K1
A11,D24,A32,A40,C915,A65,A75,P4,A92,A101,R2,A123,YR2,A141,A152,E1,A173,L1,A191,A201,K2
A14,D6,A32,A43,C1595,A61,A74,P3,A93,A101,R2,A122,YR2,A143,A152,E1,A173,L2,A191,A201,K1
A11,D48,A30,A41,C4605,A61,A75,P3,A93,A101,R4,A124,YR4,A143,A153,E2,A173,L2,A191,A201,K2
A14,D12,A34,A49,C1185,A61,A73,P3,A92,A101,R2,A121,YR2,A143,A152,E2,A173,L1,A191,A201,K1
A14,D12,A31,A48,C3447,A63,A73,P4,A92,A101,R3,A121,YR3,A143,A152,E1,A172,L2,A191,A201,K1
A14,D24,A32,A49,C1258,A61,A74,P4,A93,A101,R1,A121,YR1,A143,A152,E1,A173,L1,A192,A201,K1
A14,D12,A34,A43,C717,A61,A75,P4,A93,A101,R4,A121,YR4,A143,A152,E3,A173,L1,A191,A201,K1
A14,D6,A30,A40,C1204,A62,A73,P4,A93,A101,R1,A124,YR1,A141,A151,E1,A173,L1,A191,A202,K1
A13,D24,A32,A42,C1925,A61,A73,P2,A93,A101,R2,A121,YR2,A143,A152,E1,A173,L1,A191,A201,K1
A14,D18,A32,A43,C433,A61,A71,P3,A92,A102,R4,A121,YR4,A143,A151,E1,A173,L1,A191,A201,K2
A11,D6,A34,A40,C666,A64,A74,P3,A92,A101,R4,A121,YR4,A143,A152,E2,A172,L1,A192,A201,K1
A13,D12,A32,A42,C2251,A61,A73,P1,A92,A101,R2,A123,YR2,A143,A152,E1,A172,L1,A191,A201,K1
A12,D30,A32,A40,C2150,A61,A73,P4,A92,A103,R2,A124,YR2,A141,A152,E1,A173,L1,A191,A201,K2
A14,D24,A33,A42,C4151,A62,A73,P2,A93,A101,R3,A122,YR3,A143,A152,E2,A173,L1,A191,A201,K1
A12,D9,A32,A42,C2030,A65,A74,P2,A93,A101,R1,A123,YR1,A143,A152,E1,A173,L1,A192,A201,K1
A12,D60,A33,A43,C7418,A65,A73,P1,A93,A101,R1,A121,YR1,A143,A152,E1,A172,L1,A191,A201,K1
A14,D24,A34,A43,C2684,A61,A73,P4,A93,A101,R2,A121,YR2,A143,A152,E2,A172,L1,A191,A201,K1
A11,D12,A31,A43,C2149,A61,A73,P4,A91,A101,R1,A124,YR1,A143,A153,E1,A173,L1,A191,A201,K2
A14,D15,A32,A41,C3812,A62,A72,P1,A92,A101,R4,A123,YR4,A143,A152,E1,A173,L1,A192,A201,K1
A14,D11,A34,A43,C1154,A62,A71,P4,A92,A101,R4,A121,YR4,A143,A152,E3,A172,L1,A191,A201,K1
A11,D12,A32,A42,C1657,A61,A73,P2,A93,A101,R2,A121,YR2,A143,A152,E1,A173,L1,A191,A201,K1
A11,D24,A32,A43,C1603,A61,A75,P4,A92,A101,R4,A123,YR4,A143,A152,E1,A173,L1,A191,A201,K1
A11,D18,A34,A40,C5302,A61,A75,P2,A93,A101,R4,A124,YR4,A143,A153,E3,A174,L1,A192,A201,K1
A14,D12,A34,A46,C2748,A61,A75,P2,A92,A101,R4,A124,YR4,A141,A153,E3,A172,L1,A191,A201,K1
A14,D10,A34,A40,C1231,A61,A75,P3,A93,A101,R4,A121,YR4,A143,A152,E2,A172,L2,A191,A202,K1
A12,D15,A32,A43,C802,A61,A75,P4,A93,A101,R3,A123,YR3,A143,A152,E1,A173,L2,A191,A201,K2
A14,D36,A34,A49,C6304,A65,A75,P4,A93,A101,R4,A121,YR4,A143,A152,E2,A173,L1,A191,A201,K1
A14,D24,A32,A43,C1533,A61,A72,P4,A92,A101,R3,A123,YR3,A142,A152,E1,A173,L1,A192,A201,K1
A11,D14,A32,A40,C8978,A61,A75,P1,A91,A101,R4,A122,YR4,A143,A152,E1,A174,L1,A192,A202,K2
A14,D24,A32,A43,C999,A65,A75,P4,A93,A101,R2,A123,YR2,A143,A152,E2,A173,L1,A191,A201,K1
A14,D18,A32,A40,C2662,A65,A74,P4,A93,A101,R3,A122,YR3,A143,A152,E1,A173,L1,A191,A202,K1
A14,D12,A34,A42,C1402,A63,A74,P3,A92,A101,R4,A123,YR4,A143,A151,E1,A173,L1,A192,A201,K1
A12,D48,A31,A40,C12169,A65,A71,P4,A93,A102,R4,A124,YR4,A143,A153,E1,A174,L1,A192,A201,K1
A12,D48,A32,A43,C3060,A61,A74,P4,A93,A101,R4,A121,YR4,A143,A152,E2,A173,L1,A191,A201,K2
A11,D30,A32,A45,C11998,A61,A72,P1,A91,A101,R1,A124,YR1,A143,A152,E1,A172,L1,A192,A201,K2
A14,D9,A32,A43,C2697,A61,A73,P1,A93,A101,R2,A121,YR2,A143,A152,E1,A173,L2,A191,A201,K1
A14,D18,A34,A43,C2404,A61,A73,P2,A92,A101,R2,A123,YR2,A143,A152,E2,A173,L1,A191,A201,K1
A11,D12,A32,A42,C1262,A65,A75,P2,A91,A101,R4,A122,YR4,A143,A152,E1,A172,L1,A192,A201,K1
A14,D6,A32,A42,C4611,A61,A72,P1,A92,A101,R4,A122,YR4,A143,A152,E1,A173,L1,A191,A201,K2
A14,D24,A32,A43,C1901,A62,A73,P4,A93,A101,R4,A123,YR4,A143,A151,E1,A174,L1,A192,A201,K1
A14,D15,A34,A41,C3368,A64,A75,P3,A93,A101,R4,A124,YR4,A143,A151,E2,A173,L1,A192,A201,K1
A14,D12,A32,A42,C1574,A61,A73,P4,A93,A101,R2,A121,YR2,A143,A152,E1,A173,L1,A191,A201,K1
A13,D18,A31,A43,C1445,A65,A74,P4,A93,A101,R4,A123,YR4,A141,A152,E1,A172,L1,A191,A201,K1
A14,D15,A34,A42,C1520,A65,A75,P4,A93,A101,R4,A122,YR4,A143,A152,E1,A173,L1,A191,A201,K1
A12,D24,A34,A40,C3878,A62,A72,P4,A91,A101,R2,A123,YR2,A143,A152,E1,A173,L1,A192,A201,K1
A11,D47,A32,A40,C10722,A61,A72,P1,A92,A101,R1,A121,YR1,A143,A152,E1,A172,L1,A192,A201,K1
A11,D48,A32,A41,C4788,A61,A74,P4,A93,A101,R3,A122,YR3,A143,A152,E1,A173,L2,A191,A201,K1
A12,D48,A33,A410,C7582,A62,A71,P2,A93,A101,R4,A124,YR4,A143,A153,E1,A174,L1,A192,A201,K1
A12,D12,A32,A43,C1092,A61,A73,P4,A92,A103,R4,A121,YR4,A143,A152,E2,A173,L1,A192,A201,K1
A11,D24,A33,A43,C1024,A61,A72,P4,A94,A101,R4,A121,YR4,A142,A152,E1,A173,L1,A191,A201,K2
A14,D12,A32,A49,C1076,A61,A73,P2,A94,A101,R2,A121,YR2,A143,A152,E1,A173,L1,A192,A202,K1
A12,D36,A32,A41,C9398,A61,A72,P1,A94,A101,R4,A123,YR4,A143,A151,E1,A174,L1,A192,A201,K2
A11,D24,A34,A41,C6419,A61,A75,P2,A92,A101,R4,A124,YR4,A143,A153,E2,A174,L2,A192,A201,K1
A13,D42,A34,A41,C4796,A61,A75,P4,A93,A101,R4,A124,YR4,A143,A153,E1,A173,L1,A191,A201,K1
A14,D48,A34,A49,C7629,A65,A75,P4,A91,A101,R2,A123,YR2,A141,A152,E2,A174,L2,A191,A201,K1
A12,D48,A32,A42,C9960,A61,A72,P1,A92,A101,R2,A123,YR2,A143,A152,E1,A173,L1,A192,A201,K2
A14,D12,A32,A41,C4675,A65,A72,P1,A92,A101,R4,A123,YR4,A143,A151,E1,A173,L1,A191,A201,K1
A14,D10,A32,A40,C1287,A65,A75,P4,A93,A102,R2,A122,YR2,A143,A152,E1,A172,L1,A191,A202,K1
A14,D18,A32,A42,C2515,A61,A73,P3,A93,A101,R4,A121,YR4,A143,A152,E1,A173,L1,A192,A201,K1
A12,D21,A34,A42,C2745,A64,A74,P3,A93,A101,R2,A123,YR2,A143,A152,E2,A173,L1,A192,A201,K1
A14,D6,A32,A40,C672,A61,A71,P1,A92,A101,R4,A121,YR4,A143,A152,E1,A171,L1,A192,A201,K1
A12,D36,A30,A43,C3804,A61,A73,P4,A92,A101,R1,A123,YR1,A143,A152,E1,A173,L1,A192,A201,K2
A13,D24,A34,A40,C1344,A65,A74,P4,A93,A101,R2,A121,YR2,A141,A152,E2,A172,L2,A191,A201,K2
A11,D10,A34,A40,C1038,A61,A74,P4,A93,A102,R3,A122,YR3,A143,A152,E2,A173,L1,A192,A201,K1
A14,D48,A34,A40,C10127,A63,A73,P2,A93,A101,R2,A124,YR2,A141,A153,E1,A173,L1,A191,A201,K2
A14,D6,A32,A42,C1543,A64,A73,P4,A91,A101,R2,A121,YR2,A143,A152,E1,A173,L1,A191,A201,K1
A14,D30,A32,A41,C4811,A65,A74,P2,A92,A101,R4,A122,YR4,A142,A151,E1,A172,L1,A191,A201,K1
A11,D12,A32,A43,C727,A62,A72,P4,A94,A101,R3,A124,YR3,A143,A152,E1,A172,L1,A192,A201,K2
A12,D8,A32,A42,C1237,A61,A73,P3,A92,A101,R4,A121,YR4,A143,A152,E1,A173,L1,A191,A201,K2
A12,D9,A32,A40,C276,A61,A73,P4,A94,A101,R4,A121,YR4,A143,A151,E1,A172,L1,A191,A201,K1
A12,D48,A32,A410,C5381,A65,A71,P3,A93,A101,R4,A124,YR4,A141,A153,E1,A171,L1,A192,A201,K1
A14,D24,A32,A42,C5511,A62,A73,P4,A93,A101,R1,A123,YR1,A142,A152,E1,A173,L1,A191,A201,K1
A13,D24,A32,A42,C3749,A61,A72,P2,A92,A101,R4,A123,YR4,A143,A152,E1,A173,L1,A191,A201,K1
A12,D12,A32,A40,C685,A61,A74,P2,A94,A101,R3,A123,YR3,A141,A152,E1,A172,L1,A191,A201,K2
A13,D4,A32,A40,C1494,A65,A72,P1,A93,A101,R2,A121,YR2,A143,A152,E1,A172,L2,A191,A202,K1
A11,D36,A31,A42,C2746,A61,A75,P4,A93,A101,R4,A123,YR4,A141,A152,E1,A173,L1,A191,A201,K2
A11,D12,A32,A42,C708,A61,A73,P2,A93,A103,R3,A122,YR3,A143,A152,E1,A172,L2,A191,A201,K1
A12,D24,A32,A42,C4351,A65,A73,P1,A92,A101,R4,A122,YR4,A143,A152,E1,A172,L1,A192,A201,K1
A14,D12,A34,A46,C701,A61,A73,P4,A93,A101,R2,A123,YR2,A143,A152,E2,A173,L1,A191,A201,K1
A11,D15,A33,A42,C3643,A61,A75,P1,A92,A101,R4,A122,YR4,A143,A152,E2,A172,L1,A191,A201,K1
A12,D30,A34,A40,C4249,A61,A71,P4,A94,A101,R2,A123,YR2,A143,A152,E2,A174,L1,A191,A201,K2
A11,D24,A32,A43,C1938,A61,A72,P4,A91,A101,R3,A122,YR3,A143,A152,E1,A173,L1,A191,A201,K2
A11,D24,A32,A41,C2910,A61,A74,P2,A93,A101,R1,A124,YR1,A143,A153,E1,A174,L1,A192,A201,K1
A11,D18,A32,A42,C2659,A64,A73,P4,A93,A101,R2,A123,YR2,A143,A152,E1,A173,L1,A191,A201,K1
A14,D18,A34,A40,C1028,A61,A73,P4,A92,A101,R3,A121,YR3,A143,A152,E2,A173,L1,A191,A201,K1
A11,D8,A34,A40,C3398,A61,A74,P1,A93,A101,R4,A121,YR4,A143,A152,E2,A172,L1,A191,A202,K1
A14,D12,A34,A42,C5801,A65,A75,P2,A93,A101,R4,A122,YR4,A143,A151,E1,A173,L1,A192,A201,K1
A14,D24,A32,A40,C1525,A64,A74,P4,A92,A101,R3,A123,YR3,A143,A152,E1,A173,L2,A192,A201,K1
A13,D36,A32,A43,C4473,A61,A75,P4,A93,A101,R2,A123,YR2,A143,A152,E1,A173,L1,A191,A201,K1
A12,D6,A32,A43,C1068,A61,A75,P4,A93,A101,R4,A123,YR4,A143,A152,E1,A173,L2,A191,A201,K1
A11,D24,A34,A41,C6615,A61,A71,P2,A93,A101,R4,A124,YR4,A143,A153,E2,A174,L1,A192,A201,K1
A14,D18,A34,A46,C1864,A62,A73,P4,A92,A101,R2,A121,YR2,A143,A152,E2,A173,L1,A191,A201,K2
A12,D60,A32,A40,C7408,A62,A72,P4,A92,A101,R2,A122,YR2,A143,A152,E1,A174,L1,A191,A201,K2
A14,D48,A34,A41,C11590,A62,A73,P2,A92,A101,R4,A123,YR4,A141,A151,E2,A172,L1,A191,A201,K2
A11,D24,A30,A42,C4110,A61,A75,P3,A93,A101,R4,A124,YR4,A141,A151,E2,A173,L2,A191,A201,K2
A11,D6,A34,A42,C3384,A61,A73,P1,A91,A101,R4,A121,YR4,A143,A151,E1,A174,L1,A192,A201,K2
A12,D13,A32,A43,C2101,A61,A72,P2,A92,A103,R4,A122,YR4,A143,A152,E1,A172,L1,A191,A201,K1
A11,D15,A32,A44,C1275,A65,A73,P4,A92,A101,R2,A123,YR2,A143,A151,E1,A173,L1,A191,A201,K2
A11,D24,A32,A42,C4169,A61,A73,P4,A93,A101,R4,A122,YR4,A143,A152,E1,A173,L1,A191,A201,K1
A12,D10,A32,A42,C1521,A61,A73,P4,A91,A101,R2,A123,YR2,A143,A152,E1,A172,L1,A191,A201,K1
A12,D24,A34,A46,C5743,A61,A72,P2,A92,A101,R4,A124,YR4,A143,A153,E2,A173,L1,A192,A201,K1
A11,D21,A32,A42,C3599,A61,A74,P1,A92,A101,R4,A123,YR4,A143,A151,E1,A172,L1,A191,A201,K1
A12,D18,A32,A43,C3213,A63,A72,P1,A94,A101,R3,A121,YR3,A143,A151,E1,A173,L1,A191,A201,K1
A12,D18,A32,A49,C4439,A61,A75,P1,A93,A102,R1,A121,YR1,A141,A152,E1,A174,L1,A192,A201,K1
A13,D10,A32,A40,C3949,A61,A72,P1,A93,A103,R1,A122,YR1,A143,A152,E1,A172,L2,A191,A201,K1
A14,D15,A34,A43,C1459,A61,A73,P4,A92,A101,R2,A123,YR2,A143,A152,E1,A172,L1,A191,A201,K1
A12,D13,A34,A43,C882,A61,A72,P4,A93,A103,R4,A121,YR4,A143,A152,E2,A173,L1,A191,A201,K1
A12,D24,A32,A43,C3758,A63,A71,P1,A92,A101,R4,A124,YR4,A143,A151,E1,A171,L1,A191,A201,K1
A14,D6,A33,A49,C1743,A62,A73,P1,A93,A101,R2,A121,YR2,A143,A152,E2,A172,L1,A191,A201,K1
A12,D9,A34,A46,C1136,A64,A75,P4,A93,A101,R3,A124,YR3,A143,A153,E2,A173,L2,A191,A201,K2
A14,D9,A32,A44,C1236,A61,A72,P1,A92,A101,R4,A121,YR4,A143,A151,E1,A173,L1,A192,A201,K1
A12,D9,A32,A42,C959,A61,A73,P1,A92,A101,R2,A123,YR2,A143,A152,E1,A173,L1,A191,A202,K2
A14,D18,A34,A41,C3229,A65,A71,P2,A93,A101,R4,A124,YR4,A143,A152,E1,A174,L1,A192,A201,K1
A11,D12,A30,A43,C6199,A61,A73,P4,A93,A101,R2,A122,YR2,A143,A151,E2,A173,L1,A192,A201,K2
A14,D10,A32,A46,C727,A63,A75,P4,A93,A101,R4,A124,YR4,A143,A153,E1,A173,L1,A192,A201,K1
A12,D24,A32,A40,C1246,A61,A72,P4,A93,A101,R2,A121,YR2,A142,A152,E1,A172,L1,A191,A201,K2
A14,D12,A34,A43,C2331,A65,A75,P1,A93,A102,R4,A121,YR4,A143,A152,E1,A173,L1,A192,A201,K1
A14,D36,A33,A43,C4463,A61,A73,P4,A93,A101,R2,A123,YR2,A143,A152,E2,A174,L1,A192,A201,K2
A14,D12,A32,A43,C776,A61,A73,P4,A94,A101,R2,A121,YR2,A143,A152,E1,A173,L1,A191,A201,K1
A11,D30,A32,A42,C2406,A61,A74,P4,A92,A101,R4,A121,YR4,A143,A151,E1,A173,L1,A191,A201,K2
A12,D18,A32,A46,C1239,A65,A73,P4,A93,A101,R4,A124,YR4,A143,A153,E1,A173,L1,A191,A201,K1
A13,D12,A32,A43,C3399,A65,A75,P2,A93,A101,R3,A123,YR3,A143,A152,E1,A174,L1,A191,A201,K1
A13,D12,A33,A40,C2247,A61,A73,P2,A92,A101,R2,A123,YR2,A142,A152,E2,A173,L1,A192,A201,K1
A14,D6,A32,A42,C1766,A61,A73,P1,A94,A101,R2,A122,YR2,A143,A151,E1,A173,L1,A191,A201,K1
A11,D18,A32,A42,C2473,A61,A71,P4,A93,A101,R1,A123,YR1,A143,A152,E1,A171,L1,A191,A201,K2
A14,D12,A32,A49,C1542,A61,A74,P2,A93,A101,R4,A123,YR4,A143,A152,E1,A173,L1,A192,A201,K1
A14,D18,A34,A41,C3850,A61,A74,P3,A93,A101,R1,A123,YR1,A143,A152,E2,A173,L1,A191,A201,K1
A11,D18,A32,A42,C3650,A61,A72,P1,A92,A101,R4,A123,YR4,A143,A151,E1,A173,L1,A191,A201,K1
A11,D36,A32,A42,C3446,A61,A75,P4,A93,A101,R2,A123,YR2,A143,A152,E1,A173,L2,A191,A201,K2
A12,D18,A32,A42,C3001,A61,A74,P2,A92,A101,R4,A121,YR4,A143,A151,E1,A173,L1,A191,A201,K1
A14,D36,A32,A40,C3079,A65,A73,P4,A93,A101,R4,A121,YR4,A143,A152,E1,A173,L1,A191,A201,K1
A14,D18,A34,A43,C6070,A61,A75,P3,A93,A101,R4,A123,YR4,A143,A152,E2,A173,L1,A192,A201,K1
A14,D10,A34,A42,C2146,A61,A72,P1,A92,A101,R3,A121,YR3,A143,A151,E2,A173,L1,A191,A201,K1
A14,D60,A34,A40,C13756,A65,A75,P2,A93,A101,R4,A124,YR4,A141,A153,E1,A174,L1,A192,A201,K1
A12,D60,A31,A410,C14782,A62,A75,P3,A92,A101,R4,A124,YR4,A141,A153,E2,A174,L1,A192,A201,K2
A11,D48,A31,A49,C7685,A61,A74,P2,A92,A103,R4,A123,YR4,A143,A151,E1,A173,L1,A191,A201,K2
A14,D18,A33,A43,C2320,A61,A71,P2,A94,A101,R3,A121,YR3,A143,A152,E2,A173,L1,A191,A201,K1
A14,D7,A33,A43,C846,A65,A75,P3,A93,A101,R4,A124,YR4,A143,A153,E1,A173,L1,A191,A201,K1
A12,D36,A32,A40,C14318,A61,A75,P4,A93,A101,R2,A124,YR2,A143,A153,E1,A174,L1,A192,A201,K2
A14,D6,A34,A40,C362,A62,A73,P4,A92,A101,R4,A123,YR4,A143,A152,E2,A172,L1,A191,A201,K1
A11,D20,A32,A42,C2212,A65,A74,P4,A93,A101,R4,A123,YR4,A143,A152,E1,A173,L1,A192,A201,K1
A12,D18,A32,A41,C12976,A61,A71,P3,A92,A101,R4,A124,YR4,A143,A153,E1,A174,L1,A192,A201,K2
A14,D22,A32,A40,C1283,A65,A74,P4,A92,A101,R4,A122,YR4,A143,A151,E1,A173,L1,A191,A201,K1
A13,D12,A32,A40,C1330,A61,A72,P4,A93,A101,R1,A121,YR1,A143,A152,E1,A173,L1,A191,A201,K1
A14,D30,A33,A49,C4272,A62,A73,P2,A93,A101,R2,A122,YR2,A143,A152,E2,A172,L1,A191,A201,K1
A14,D18,A34,A43,C2238,A61,A73,P2,A92,A101,R1,A123,YR1,A143,A152,E2,A173,L1,A191,A201,K1
A14,D18,A32,A43,C1126,A65,A72,P4,A92,A101,R2,A121,YR2,A143,A151,E1,A173,L1,A192,A201,K1
A12,D18,A34,A42,C7374,A61,A71,P4,A93,A101,R4,A122,YR4,A142,A152,E2,A174,L1,A192,A201,K1
A12,D15,A34,A49,C2326,A63,A73,P2,A93,A101,R4,A123,YR4,A141,A152,E1,A173,L1,A191,A201,K1
A14,D9,A32,A49,C1449,A61,A74,P3,A92,A101,R2,A123,YR2,A143,A152,E2,A173,L1,A191,A201,K1
A14,D18,A32,A40,C1820,A61,A73,P2,A94,A101,R2,A122,YR2,A143,A152,E1,A174,L1,A192,A201,K1
A12,D12,A32,A42,C983,A64,A72,P1,A92,A101,R4,A121,YR4,A143,A151,E1,A172,L1,A191,A201,K1
A11,D36,A32,A40,C3249,A61,A74,P2,A93,A101,R4,A124,YR4,A141,A153,E1,A174,L2,A192,A201,K1
A11,D6,A34,A43,C1957,A61,A74,P1,A92,A101,R4,A123,YR4,A143,A152,E1,A173,L1,A191,A201,K1
A14,D9,A34,A42,C2406,A61,A71,P2,A93,A101,R3,A123,YR3,A143,A152,E1,A174,L1,A191,A201,K1
A12,D39,A33,A46,C11760,A62,A74,P2,A93,A101,R3,A124,YR3,A143,A151,E1,A173,L1,A192,A201,K1
A11,D12,A32,A42,C2578,A61,A71,P3,A92,A101,R4,A124,YR4,A143,A153,E1,A174,L1,A191,A201,K1
A11,D36,A34,A42,C2348,A61,A73,P3,A94,A101,R2,A122,YR2,A143,A152,E2,A173,L1,A192,A201,K1
A12,D12,A32,A40,C1223,A61,A75,P1,A91,A101,R1,A121,YR1,A143,A151,E2,A173,L1,A191,A201,K2
A14,D24,A34,A43,C1516,A64,A73,P4,A92,A101,R1,A121,YR1,A143,A152,E2,A172,L1,A191,A201,K1
A14,D18,A32,A43,C1473,A61,A72,P3,A94,A101,R4,A121,YR4,A143,A152,E1,A173,L1,A192,A201,K1
A12,D18,A34,A49,C1887,A65,A73,P4,A94,A101,R4,A121,YR4,A141,A152,E2,A173,L1,A191,A201,K1
A14,D24,A33,A49,C8648,A61,A72,P2,A93,A101,R2,A123,YR2,A141,A152,E2,A173,L1,A192,A201,K2
A14,D14,A33,A40,C802,A61,A73,P4,A93,A101,R2,A123,YR2,A143,A152,E2,A172,L1,A191,A201,K1
A12,D18,A33,A40,C2899,A65,A75,P4,A93,A101,R4,A123,YR4,A143,A152,E1,A173,L2,A191,A201,K1
A12,D24,A32,A43,C2039,A61,A72,P1,A94,A101,R1,A122,YR1,A143,A152,E1,A173,L1,A192,A201,K2
A14,D24,A34,A41,C2197,A65,A74,P4,A93,A101,R4,A123,YR4,A143,A152,E2,A173,L2,A192,A201,K1
A11,D15,A32,A43,C1053,A61,A72,P4,A94,A101,R2,A121,YR2,A143,A152,E1,A173,L1,A191,A202,K1
A14,D24,A32,A43,C3235,A63,A75,P3,A91,A101,R2,A123,YR2,A143,A152,E1,A174,L1,A192,A201,K1
A13,D12,A34,A40,C939,A63,A74,P4,A94,A101,R2,A121,YR2,A143,A152,E3,A173,L1,A192,A201,K2
A12,D24,A32,A43,C1967,A61,A75,P4,A92,A101,R4,A123,YR4,A143,A152,E1,A173,L1,A192,A201,K1
A14,D33,A34,A41,C7253,A61,A74,P3,A93,A101,R2,A123,YR2,A143,A152,E2,A174,L1,A192,A201,K1
A14,D12,A34,A49,C2292,A61,A71,P4,A93,A101,R2,A123,YR2,A142,A152,E2,A174,L1,A192,A201,K2
A14,D10,A32,A40,C1597,A63,A73,P3,A93,A101,R2,A124,YR2,A143,A151,E1,A172,L2,A191,A202,K1
A11,D24,A32,A40,C1381,A65,A73,P4,A92,A101,R2,A122,YR2,A143,A152,E1,A173,L1,A191,A201,K2
A14,D36,A34,A41,C5842,A61,A75,P2,A93,A101,R2,A122,YR2,A143,A152,E2,A173,L2,A192,A201,K1
A11,D12,A32,A40,C2579,A61,A72,P4,A93,A101,R1,A121,YR1,A143,A152,E1,A172,L2,A191,A201,K2
A11,D18,A33,A46,C8471,A65,A73,P1,A92,A101,R2,A123,YR2,A143,A151,E2,A173,L1,A192,A201,K1
A14,D21,A32,A40,C2782,A63,A74,P1,A92,A101,R2,A123,YR2,A141,A152,E1,A174,L1,A191,A201,K1
A12,D18,A32,A40,C1042,A65,A73,P4,A92,A101,R2,A122,YR2,A143,A152,E1,A173,L1,A191,A201,K2
A14,D15,A32,A40,C3186,A64,A74,P2,A92,A101,R3,A123,YR3,A143,A151,E1,A173,L1,A191,A201,K1
A12,D12,A32,A41,C2028,A65,A73,P4,A93,A101,R2,A123,YR2,A143,A152,E1,A173,L1,A191,A201,K1
A12,D12,A34,A40,C958,A61,A74,P2,A93,A101,R3,A121,YR3,A143,A152,E2,A172,L2,A191,A201,K1
A14,D21,A33,A42,C1591,A62,A74,P4,A93,A101,R3,A121,YR3,A143,A152,E2,A174,L1,A191,A201,K1
A12,D12,A32,A42,C2762,A65,A75,P1,A92,A101,R2,A122,YR2,A141,A152,E1,A173,L1,A192,A201,K2
A12,D18,A32,A41,C2779,A61,A73,P1,A94,A101,R3,A123,YR3,A143,A151,E1,A173,L1,A192,A201,K1
A14,D28,A34,A43,C2743,A61,A75,P4,A93,A101,R2,A123,YR2,A143,A152,E2,A173,L1,A191,A201,K1
A14,D18,A34,A43,C1149,A64,A73,P4,A93,A101,R3,A121,YR3,A143,A152,E2,A173,L1,A191,A201,K1
A14,D9,A32,A42,C1313,A61,A75,P1,A93,A101,R4,A123,YR4,A143,A152,E1,A173,L1,A191,A201,K1
A11,D18,A34,A45,C1190,A61,A71,P2,A92,A101,R4,A124,YR4,A143,A153,E3,A171,L2,A191,A201,K2
A14,D5,A32,A49,C3448,A61,A74,P1,A93,A101,R4,A121,YR4,A143,A152,E1,A172,L1,A191,A201,K1
A12,D24,A32,A410,C11328,A61,A73,P2,A93,A102,R3,A123,YR3,A141,A152,E2,A174,L1,A192,A201,K2
A11,D6,A34,A42,C1872,A61,A71,P4,A93,A101,R4,A124,YR4,A143,A153,E3,A174,L1,A192,A201,K1
A14,D24,A34,A45,C2058,A61,A73,P4,A91,A101,R2,A121,YR2,A143,A152,E2,A173,L1,A192,A201,K1
A11,D9,A32,A42,C2136,A61,A73,P3,A93,A101,R2,A121,YR2,A143,A152,E1,A173,L1,A191,A201,K1
A12,D12,A32,A43,C1484,A65,A73,P2,A94,A101,R1,A121,YR1,A143,A152,E1,A173,L1,A192,A201,K2
A14,D6,A32,A45,C660,A63,A74,P2,A94,A101,R4,A121,YR4,A143,A151,E1,A172,L1,A191,A201,K1
A14,D24,A34,A40,C1287,A64,A75,P4,A92,A101,R4,A121,YR4,A143,A152,E2,A173,L1,A192,A201,K1
A11,D42,A34,A45,C3394,A61,A71,P4,A93,A102,R4,A123,YR4,A143,A152,E2,A171,L1,A191,A201,K1
A13,D12,A31,A49,C609,A61,A72,P4,A92,A101,R1,A121,YR1,A143,A152,E1,A171,L1,A191,A201,K2
A14,D12,A32,A40,C1884,A61,A75,P4,A93,A101,R4,A123,YR4,A143,A152,E1,A174,L1,A192,A201,K1
A11,D12,A32,A42,C1620,A61,A73,P2,A92,A102,R3,A122,YR3,A143,A152,E1,A173,L1,A191,A201,K1
A12,D20,A33,A410,C2629,A61,A73,P2,A93,A101,R3,A123,YR3,A141,A152,E2,A173,L1,A192,A201,K1
A14,D12,A32,A46,C719,A61,A75,P4,A93,A101,R4,A123,YR4,A141,A152,E1,A172,L2,A191,A201,K2
A12,D48,A34,A42,C5096,A61,A73,P2,A92,A101,R3,A123,YR3,A143,A152,E1,A174,L1,A192,A201,K2
A14,D9,A34,A46,C1244,A65,A75,P4,A92,A101,R4,A122,YR4,A143,A151,E2,A172,L1,A191,A201,K1
A11,D36,A32,A40,C1842,A61,A72,P4,A92,A101,R4,A123,YR4,A143,A152,E1,A173,L1,A192,A201,K2
A12,D7,A32,A43,C2576,A61,A73,P2,A93,A103,R2,A121,YR2,A143,A152,E1,A173,L1,A191,A201,K1
A13,D12,A32,A42,C1424,A65,A75,P3,A92,A101,R4,A121,YR4,A143,A152,E1,A174,L1,A192,A201,K1
A12,D15,A33,A45,C1512,A64,A73,P3,A94,A101,R3,A122,YR3,A142,A152,E2,A173,L1,A191,A201,K2
A14,D36,A34,A41,C11054,A65,A73,P4,A93,A101,R2,A123,YR2,A143,A152,E1,A174,L1,A192,A201,K1
A14,D6,A32,A43,C518,A61,A73,P3,A92,A101,R1,A121,YR1,A143,A152,E1,A173,L1,A191,A201,K1
A14,D12,A30,A42,C2759,A61,A75,P2,A93,A101,R4,A122,YR4,A143,A152,E2,A173,L1,A191,A201,K1
A14,D24,A32,A41,C2670,A61,A75,P4,A93,A101,R4,A123,YR4,A143,A152,E1,A174,L1,A192,A201,K1
A11,D24,A32,A40,C4817,A61,A74,P2,A93,A102,R3,A122,YR3,A143,A152,E1,A173,L1,A192,A201,K2
A14,D24,A32,A41,C2679,A61,A72,P4,A92,A101,R1,A124,YR1,A143,A152,E1,A174,L1,A192,A201,K1
A11,D11,A34,A40,C3905,A61,A73,P2,A93,A101,R2,A121,YR2,A143,A151,E2,A173,L2,A191,A201,K1
A11,D12,A32,A41,C3386,A61,A75,P3,A93,A101,R4,A124,YR4,A143,A153,E1,A173,L1,A192,A201,K2
A11,D6,A32,A44,C343,A61,A72,P4,A92,A101,R1,A121,YR1,A143,A152,E1,A173,L1,A191,A201,K1
A14,D18,A32,A43,C4594,A61,A72,P3,A93,A101,R2,A123,YR2,A143,A152,E1,A173,L1,A192,A201,K1
A11,D36,A32,A42,C3620,A61,A73,P1,A93,A103,R2,A122,YR2,A143,A152,E1,A173,L2,A191,A201,K1
A11,D15,A32,A40,C1721,A61,A72,P2,A93,A101,R3,A121,YR3,A143,A152,E1,A173,L1,A191,A201,K1
A12,D12,A32,A42,C3017,A61,A72,P3,A92,A101,R1,A121,YR1,A143,A151,E1,A174,L1,A191,A201,K1
A12,D12,A32,A48,C754,A65,A75,P4,A93,A101,R4,A122,YR4,A143,A152,E2,A173,L1,A191,A201,K1
A14,D18,A32,A49,C1950,A61,A74,P4,A93,A101,R1,A123,YR1,A142,A152,E2,A173,L1,A192,A201,K1
A11,D24,A32,A41,C2924,A61,A73,P3,A93,A103,R4,A124,YR4,A141,A152,E1,A173,L2,A192,A201,K1
A11,D24,A33,A43,C1659,A61,A72,P4,A92,A101,R2,A123,YR2,A143,A151,E1,A172,L1,A192,A201,K2
A14,D48,A33,A43,C7238,A65,A75,P3,A93,A101,R3,A123,YR3,A141,A152,E2,A173,L2,A191,A201,K1
A14,D33,A33,A49,C2764,A61,A73,P2,A92,A101,R2,A123,YR2,A143,A152,E2,A173,L1,A192,A201,K1
A14,D24,A33,A41,C4679,A61,A74,P3,A93,A101,R3,A123,YR3,A143,A152,E2,A172,L1,A192,A201,K1
A12,D24,A32,A43,C3092,A62,A72,P3,A94,A101,R2,A123,YR2,A143,A151,E1,A173,L1,A192,A201,K2
A11,D6,A32,A46,C448,A61,A72,P4,A92,A101,R4,A122,YR4,A143,A152,E1,A173,L1,A191,A201,K2
A11,D9,A32,A40,C654,A61,A73,P4,A93,A101,R3,A123,YR3,A143,A152,E1,A172,L1,A191,A201,K2
A14,D6,A32,A48,C1238,A65,A71,P4,A93,A101,R4,A122,YR4,A143,A152,E1,A174,L2,A192,A201,K1
A12,D18,A34,A43,C1245,A61,A73,P4,A94,A101,R2,A123,YR2,A143,A152,E1,A173,L1,A191,A201,K2
A11,D18,A30,A42,C3114,A61,A72,P1,A92,A101,R4,A122,YR4,A143,A151,E1,A173,L1,A191,A201,K2
A14,D39,A32,A41,C2569,A63,A73,P4,A93,A101,R4,A123,YR4,A143,A152,E1,A173,L1,A191,A201,K1
A13,D24,A32,A43,C5152,A61,A74,P4,A93,A101,R2,A123,YR2,A141,A152,E1,A173,L1,A191,A201,K1
A12,D12,A32,A49,C1037,A62,A74,P3,A93,A101,R4,A121,YR4,A143,A152,E1,A172,L1,A191,A201,K1
A11,D15,A34,A42,C1478,A61,A75,P4,A93,A101,R4,A123,YR4,A143,A152,E2,A173,L2,A192,A201,K1
A12,D12,A34,A43,C3573,A61,A73,P1,A92,A101,R1,A121,YR1,A143,A152,E1,A172,L1,A191,A201,K1
A12,D24,A32,A40,C1201,A61,A72,P4,A93,A101,R1,A122,YR1,A143,A152,E1,A173,L1,A191,A201,K1
A11,D30,A32,A42,C3622,A64,A75,P4,A92,A101,R4,A122,YR4,A143,A151,E2,A173,L1,A192,A201,K1
A14,D15,A33,A42,C960,A64,A74,P3,A92,A101,R2,A122,YR2,A143,A152,E2,A173,L1,A191,A201,K1
A14,D12,A34,A40,C1163,A63,A73,P4,A93,A101,R4,A121,YR4,A143,A152,E1,A173,L1,A192,A201,K1
A12,D6,A33,A40,C1209,A61,A71,P4,A93,A101,R4,A122,YR4,A143,A152,E1,A174,L1,A192,A201,K2
A14,D12,A32,A43,C3077,A61,A73,P2,A93,A101,R4,A123,YR4,A143,A152,E1,A173,L1,A192,A201,K1
A14,D24,A32,A40,C3757,A61,A75,P4,A92,A102,R4,A124,YR4,A143,A153,E1,A173,L1,A192,A201,K1
A14,D10,A32,A40,C1418,A62,A73,P3,A93,A101,R2,A121,YR2,A143,A151,E1,A172,L1,A191,A202,K1
A14,D6,A32,A40,C3518,A61,A73,P2,A93,A103,R3,A122,YR3,A143,A151,E1,A173,L1,A191,A201,K1
A14,D12,A34,A43,C1934,A61,A75,P2,A93,A101,R2,A124,YR2,A143,A152,E2,A173,L1,A191,A201,K1
A12,D27,A30,A49,C8318,A61,A75,P2,A92,A101,R4,A124,YR4,A143,A153,E2,A174,L1,A192,A201,K2
A14,D6,A34,A43,C1237,A62,A73,P1,A92,A101,R1,A122,YR1,A143,A152,E2,A173,L1,A191,A201,K1
A12,D6,A32,A43,C368,A65,A75,P4,A93,A101,R4,A122,YR4,A143,A152,E1,A173,L1,A191,A201,K1
A11,D12,A34,A40,C2122,A61,A73,P3,A93,A101,R2,A121,YR2,A143,A151,E2,A172,L2,A191,A202,K1
A11,D24,A32,A42,C2996,A65,A73,P2,A94,A101,R4,A123,YR4,A143,A152,E1,A173,L1,A191,A201,K2
A12,D36,A32,A42,C9034,A62,A72,P4,A93,A102,R1,A124,YR1,A143,A151,E1,A174,L1,A192,A201,K2
A14,D24,A34,A42,C1585,A61,A74,P4,A93,A101,R3,A122,YR3,A143,A152,E2,A173,L1,A191,A201,K1
A12,D18,A32,A43,C1301,A61,A75,P4,A94,A103,R2,A121,YR2,A143,A152,E1,A172,L1,A191,A201,K1
A13,D6,A34,A40,C1323,A62,A75,P2,A91,A101,R4,A123,YR4,A143,A152,E2,A173,L2,A192,A201,K1
A11,D24,A32,A40,C3123,A61,A72,P4,A92,A101,R1,A122,YR1,A143,A152,E1,A173,L1,A191,A201,K2
A11,D36,A32,A41,C5493,A61,A75,P2,A93,A101,R4,A124,YR4,A143,A153,E1,A173,L2,A191,A201,K1
A13,D9,A32,A43,C1126,A62,A75,P2,A91,A101,R4,A121,YR4,A143,A152,E1,A173,L1,A191,A201,K1
A12,D24,A34,A43,C1216,A62,A72,P4,A93,A101,R4,A124,YR4,A141,A152,E2,A173,L2,A191,A201,K2
A11,D24,A32,A40,C1207,A61,A72,P4,A92,A101,R4,A122,YR4,A143,A151,E1,A173,L1,A191,A201,K2
A14,D10,A32,A40,C1309,A65,A73,P4,A93,A103,R4,A122,YR4,A143,A152,E1,A172,L1,A191,A201,K2
A13,D15,A34,A41,C2360,A63,A73,P2,A93,A101,R2,A123,YR2,A143,A152,E1,A173,L1,A192,A201,K1
A12,D15,A31,A40,C6850,A62,A71,P1,A93,A101,R2,A122,YR2,A143,A152,E1,A174,L2,A192,A201,K2
A14,D24,A32,A43,C1413,A61,A73,P4,A94,A101,R2,A122,YR2,A143,A152,E1,A173,L1,A191,A201,K1
A14,D39,A32,A41,C8588,A62,A75,P4,A93,A101,R2,A123,YR2,A143,A152,E1,A174,L1,A192,A201,K1
A11,D12,A32,A40,C759,A61,A74,P4,A93,A101,R2,A121,YR2,A143,A152,E1,A173,L1,A191,A201,K2
A14,D36,A32,A41,C4686,A61,A73,P2,A93,A101,R2,A124,YR2,A143,A153,E1,A174,L1,A192,A201,K1
A13,D15,A32,A49,C2687,A61,A74,P2,A93,A101,R4,A122,YR4,A143,A151,E1,A173,L1,A192,A201,K1
A12,D12,A33,A43,C585,A61,A73,P4,A94,A102,R4,A121,YR4,A143,A151,E2,A173,L1,A191,A201,K1
A14,D24,A32,A40,C2255,A65,A72,P4,A93,A101,R1,A122,YR1,A143,A152,E1,A173,L1,A191,A201,K1
A11,D6,A34,A40,C609,A61,A74,P4,A92,A101,R3,A122,YR3,A143,A152,E2,A173,L1,A191,A202,K1
A11,D6,A34,A40,C1361,A61,A72,P2,A93,A101,R4,A121,YR4,A143,A152,E1,A172,L2,A191,A202,K1
A14,D36,A34,A42,C7127,A61,A72,P2,A92,A101,R4,A122,YR4,A143,A151,E2,A173,L1,A192,A201,K2
A11,D6,A32,A40,C1203,A62,A75,P3,A93,A101,R2,A122,YR2,A143,A152,E1,A173,L1,A192,A201,K1
A14,D6,A34,A43,C700,A65,A75,P4,A93,A101,R4,A124,YR4,A143,A153,E2,A173,L1,A191,A201,K1
A14,D24,A34,A45,C5507,A61,A75,P3,A93,A101,R4,A124,YR4,A143,A153,E2,A173,L1,A191,A201,K1
A11,D18,A32,A43,C3190,A61,A73,P2,A92,A101,R2,A121,YR2,A143,A152,E1,A173,L1,A191,A201,K2
A11,D48,A30,A42,C7119,A61,A73,P3,A93,A101,R4,A124,YR4,A143,A153,E2,A173,L2,A191,A201,K2
A14,D24,A32,A41,C3488,A62,A74,P3,A92,A101,R4,A123,YR4,A143,A152,E1,A173,L1,A191,A201,K1
A12,D18,A32,A43,C1113,A61,A73,P4,A92,A103,R4,A121,YR4,A143,A152,E1,A172,L2,A191,A201,K1
A12,D26,A32,A41,C7966,A61,A72,P2,A93,A101,R3,A123,YR3,A143,A152,E2,A173,L1,A191,A201,K1
A14,D15,A34,A46,C1532,A62,A73,P4,A92,A101,R3,A123,YR3,A143,A152,E1,A173,L1,A191,A201,K1
A14,D4,A34,A43,C1503,A61,A74,P2,A93,A101,R1,A121,YR1,A143,A152,E2,A172,L2,A191,A201,K1
A11,D36,A32,A43,C2302,A61,A73,P4,A91,A101,R4,A123,YR4,A143,A151,E1,A173,L1,A191,A201,K2
A11,D6,A32,A40,C662,A61,A72,P3,A93,A101,R4,A121,YR4,A143,A152,E1,A172,L2,A192,A201,K1
A12,D36,A32,A46,C2273,A61,A74,P3,A93,A101,R1,A123,YR1,A143,A152,E2,A173,L2,A191,A201,K1
A12,D15,A32,A40,C2631,A62,A73,P2,A92,A101,R4,A123,YR4,A143,A151,E2,A173,L1,A192,A201,K2
A14,D12,A33,A41,C1503,A61,A73,P4,A94,A101,R4,A121,YR4,A143,A151,E1,A173,L1,A191,A201,K1
A14,D24,A32,A43,C1311,A62,A74,P4,A94,A101,R3,A122,YR3,A143,A152,E1,A173,L1,A192,A201,K1
A14,D24,A32,A43,C3105,A65,A72,P4,A93,A101,R2,A123,YR2,A143,A152,E2,A173,L1,A191,A201,K1
A13,D21,A34,A46,C2319,A61,A72,P2,A91,A101,R1,A123,YR1,A143,A151,E1,A173,L1,A191,A201,K2
A11,D6,A32,A40,C1374,A65,A71,P4,A92,A101,R3,A122,YR3,A143,A152,E1,A174,L1,A192,A201,K1
A12,D18,A34,A42,C3612,A61,A75,P3,A92,A101,R4,A122,YR4,A143,A152,E1,A173,L1,A192,A201,K1
A11,D48,A32,A40,C7763,A61,A75,P4,A93,A101,R4,A124,YR4,A141,A153,E1,A174,L1,A191,A201,K2
A13,D18,A32,A42,C3049,A61,A72,P1,A92,A101,R1,A122,YR1,A142,A152,E1,A172,L1,A191,A201,K1
A12,D12,A32,A43,C1534,A61,A72,P1,A94,A101,R1,A121,YR1,A143,A151,E1,A173,L1,A191,A201,K2
A14,D24,A33,A40,C2032,A61,A75,P4,A93,A101,R4,A124,YR4,A143,A153,E2,A173,L1,A192,A201,K1
A11,D30,A32,A42,C6350,A65,A75,P4,A93,A101,R4,A122,YR4,A143,A152,E1,A173,L1,A191,A201,K2
A13,D18,A32,A42,C2864,A61,A73,P2,A93,A101,R1,A121,YR1,A143,A152,E1,A172,L2,A191,A201,K2
A14,D12,A34,A40,C1255,A61,A75,P4,A93,A101,R4,A121,YR4,A143,A152,E2,A172,L1,A191,A201,K1
A11,D24,A33,A40,C1333,A61,A71,P4,A93,A101,R2,A121,YR2,A143,A153,E2,A173,L2,A191,A201,K2
A14,D24,A34,A40,C2022,A61,A73,P4,A92,A101,R4,A123,YR4,A143,A152,E1,A173,L1,A192,A201,K1
A14,D24,A32,A43,C1552,A61,A74,P3,A93,A101,R1,A123,YR1,A141,A152,E1,A173,L2,A191,A201,K1
A11,D12,A31,A43,C626,A61,A73,P4,A92,A101,R4,A121,YR4,A141,A152,E1,A172,L1,A191,A201,K2
A14,D48,A34,A41,C8858,A65,A74,P2,A93,A101,R1,A124,YR1,A143,A153,E2,A173,L1,A192,A201,K1
A14,D12,A34,A45,C996,A65,A74,P4,A92,A101,R4,A121,YR4,A143,A152,E2,A173,L1,A191,A201,K1
A14,D6,A31,A43,C1750,A63,A75,P2,A93,A101,R4,A122,YR4,A141,A152,E1,A172,L2,A191,A201,K1
A11,D48,A32,A43,C6999,A61,A74,P1,A94,A103,R1,A121,YR1,A143,A152,E2,A173,L1,A192,A201,K2
A12,D12,A34,A40,C1995,A62,A72,P4,A93,A101,R1,A123,YR1,A143,A152,E1,A173,L1,A191,A201,K1
A12,D9,A32,A46,C1199,A61,A74,P4,A92,A101,R4,A122,YR4,A143,A152,E2,A174,L1,A192,A201,K1
A12,D12,A32,A43,C1331,A61,A72,P2,A93,A101,R1,A123,YR1,A142,A152,E1,A173,L1,A191,A201,K2
A12,D18,A30,A40,C2278,A62,A72,P3,A92,A101,R3,A123,YR3,A143,A152,E2,A173,L1,A191,A201,K2
A14,D21,A30,A40,C5003,A65,A73,P1,A92,A101,R4,A122,YR4,A141,A152,E2,A173,L1,A192,A201,K2
A11,D24,A31,A42,C3552,A61,A74,P3,A93,A101,R4,A123,YR4,A141,A152,E1,A173,L1,A191,A201,K2
A12,D18,A34,A42,C1928,A61,A72,P2,A93,A101,R2,A121,YR2,A143,A152,E2,A172,L1,A191,A201,K2
A11,D24,A32,A41,C2964,A65,A75,P4,A93,A101,R4,A124,YR4,A141,A153,E1,A173,L2,A192,A201,K1
A11,D24,A31,A43,C1546,A61,A74,P4,A93,A103,R4,A123,YR4,A141,A151,E1,A172,L1,A191,A201,K2
A13,D6,A33,A43,C683,A61,A72,P2,A92,A101,R1,A122,YR1,A141,A152,E1,A173,L1,A191,A201,K1
A12,D36,A32,A40,C12389,A65,A73,P1,A93,A101,R4,A124,YR4,A143,A153,E1,A173,L1,A192,A201,K2
A12,D24,A33,A49,C4712,A65,A73,P4,A93,A101,R2,A122,YR2,A141,A152,E2,A174,L1,A192,A201,K1
A12,D24,A33,A43,C1553,A62,A74,P3,A92,A101,R2,A122,YR2,A143,A151,E2,A173,L1,A192,A201,K1
A11,D12,A32,A40,C1372,A61,A74,P2,A91,A101,R3,A123,YR3,A143,A152,E1,A173,L1,A191,A201,K2
A14,D24,A34,A43,C2578,A64,A75,P2,A93,A101,R2,A123,YR2,A143,A152,E1,A173,L1,A191,A201,K1
A12,D48,A32,A43,C3979,A65,A74,P4,A93,A101,R1,A123,YR1,A143,A152,E2,A173,L2,A192,A201,K1
A11,D48,A32,A43,C6758,A61,A73,P3,A92,A101,R2,A123,YR2,A143,A152,E1,A173,L1,A192,A201,K2
A11,D24,A32,A42,C3234,A61,A72,P4,A92,A101,R4,A121,YR4,A143,A151,E1,A172,L1,A192,A201,K2
A14,D30,A34,A43,C5954,A61,A74,P3,A93,A102,R2,A123,YR2,A143,A152,E1,A173,L1,A191,A201,K1
A14,D24,A32,A41,C5433,A65,A71,P2,A92,A101,R4,A122,YR4,A143,A151,E1,A174,L1,A192,A201,K1
A11,D15,A32,A49,C806,A61,A73,P4,A92,A101,R4,A122,YR4,A143,A152,E1,A172,L1,A191,A201,K1
A12,D9,A32,A43,C1082,A61,A75,P4,A93,A101,R4,A123,YR4,A143,A152,E2,A172,L1,A191,A201,K1
A14,D15,A34,A42,C2788,A61,A74,P2,A92,A102,R3,A123,YR3,A141,A152,E2,A173,L1,A191,A201,K1
A12,D12,A32,A43,C2930,A61,A74,P2,A92,A101,R1,A121,YR1,A143,A152,E1,A173,L1,A191,A201,K1
A14,D24,A34,A46,C1927,A65,A73,P3,A92,A101,R2,A123,YR2,A143,A152,E2,A173,L1,A192,A201,K1
A12,D36,A34,A40,C2820,A61,A72,P4,A91,A101,R4,A123,YR4,A143,A152,E2,A173,L1,A191,A201,K2
A14,D24,A32,A48,C937,A61,A72,P4,A94,A101,R3,A123,YR3,A143,A152,E2,A172,L1,A191,A201,K1
A12,D18,A34,A40,C1056,A61,A75,P3,A93,A103,R3,A121,YR3,A141,A152,E2,A173,L1,A191,A201,K2
A12,D12,A34,A40,C3124,A61,A72,P1,A93,A101,R3,A121,YR3,A141,A152,E2,A172,L2,A191,A201,K1
A14,D9,A32,A42,C1388,A61,A73,P4,A92,A101,R2,A121,YR2,A143,A151,E1,A173,L1,A191,A201,K1
A12,D36,A32,A45,C2384,A61,A72,P4,A93,A101,R1,A124,YR1,A143,A151,E1,A172,L1,A191,A201,K2
A14,D12,A32,A40,C2133,A65,A75,P4,A92,A101,R4,A124,YR4,A143,A153,E1,A174,L1,A192,A201,K1
A11,D18,A32,A42,C2039,A61,A73,P1,A92,A101,R4,A121,YR4,A141,A151,E1,A173,L1,A191,A201,K2
A11,D9,A34,A40,C2799,A61,A73,P2,A93,A101,R2,A121,YR2,A143,A151,E2,A173,L2,A191,A201,K1
A11,D12,A32,A42,C1289,A61,A73,P4,A93,A103,R1,A122,YR1,A143,A152,E1,A172,L1,A191,A201,K1
A11,D18,A32,A44,C1217,A61,A73,P4,A94,A101,R3,A121,YR3,A143,A152,E1,A172,L1,A192,A201,K2
A11,D12,A34,A42,C2246,A61,A75,P3,A93,A101,R3,A122,YR3,A143,A152,E2,A173,L1,A191,A201,K2
A11,D12,A34,A43,C385,A61,A74,P4,A92,A101,R3,A121,YR3,A143,A152,E4,A172,L1,A192,A201,K1
A12,D24,A33,A40,C1965,A65,A73,P4,A92,A101,R4,A123,YR4,A143,A151,E2,A173,L1,A192,A201,K1
A14,D21,A32,A49,C1572,A64,A75,P4,A92,A101,R4,A121,YR4,A141,A152,E1,A172,L1,A191,A201,K1
A12,D24,A32,A40,C2718,A61,A73,P3,A92,A101,R4,A122,YR4,A143,A151,E1,A172,L1,A192,A201,K2
A11,D24,A31,A410,C1358,A65,A75,P4,A93,A101,R3,A123,YR3,A142,A152,E1,A174,L1,A192,A201,K2
A12,D6,A31,A40,C931,A62,A72,P1,A92,A101,R1,A122,YR1,A142,A152,E1,A172,L1,A191,A201,K2
A11,D24,A32,A40,C1442,A61,A74,P4,A92,A101,R4,A123,YR4,A143,A151,E2,A173,L1,A191,A201,K2
A12,D24,A30,A49,C4241,A61,A73,P1,A93,A101,R4,A121,YR4,A143,A152,E3,A172,L1,A192,A201,K2
A14,D18,A34,A40,C2775,A61,A74,P2,A93,A101,R2,A122,YR2,A141,A152,E2,A173,L1,A191,A201,K2
A14,D24,A33,A49,C3863,A61,A73,P1,A93,A101,R2,A124,YR2,A143,A153,E1,A173,L1,A191,A201,K1
A12,D7,A32,A43,C2329,A61,A72,P1,A92,A103,R1,A121,YR1,A143,A152,E1,A173,L1,A191,A201,K1
A12,D9,A32,A42,C918,A61,A73,P4,A92,A101,R1,A122,YR1,A143,A152,E1,A173,L1,A191,A201,K2
A12,D24,A31,A46,C1837,A61,A74,P4,A92,A101,R4,A124,YR4,A141,A153,E1,A172,L1,A191,A201,K2
A14,D36,A32,A42,C3349,A61,A73,P4,A92,A101,R2,A123,YR2,A143,A152,E1,A174,L1,A192,A201,K2
A13,D10,A32,A42,C1275,A61,A72,P4,A92,A101,R2,A122,YR2,A143,A152,E1,A173,L1,A191,A201,K1
A11,D24,A31,A42,C2828,A63,A73,P4,A93,A101,R4,A121,YR4,A142,A152,E1,A173,L1,A192,A201,K1
A14,D24,A34,A49,C4526,A61,A73,P3,A93,A101,R2,A121,YR2,A143,A152,E1,A174,L1,A192,A201,K1
A12,D36,A32,A43,C2671,A62,A73,P4,A92,A102,R4,A124,YR4,A143,A153,E1,A173,L1,A191,A201,K2
A14,D18,A32,A43,C2051,A61,A72,P4,A93,A101,R1,A121,YR1,A143,A152,E1,A173,L1,A191,A201,K1
A14,D15,A32,A41,C1300,A65,A75,P4,A93,A101,R4,A124,YR4,A141,A153,E1,A173,L2,A191,A201,K1
A11,D12,A32,A44,C741,A62,A71,P4,A92,A101,R3,A122,YR3,A143,A152,E1,A173,L1,A191,A201,K2
A13,D10,A32,A40,C1240,A62,A75,P1,A92,A101,R4,A124,YR4,A143,A153,E1,A172,L2,A191,A201,K2
A11,D21,A32,A43,C3357,A64,A72,P4,A92,A101,R2,A123,YR2,A141,A152,E1,A173,L1,A191,A201,K1
A11,D24,A31,A41,C3632,A61,A73,P1,A92,A103,R4,A123,YR4,A141,A151,E1,A173,L1,A191,A202,K1
A14,D18,A33,A42,C1808,A61,A74,P4,A92,A101,R1,A121,YR1,A143,A152,E1,A173,L1,A191,A201,K2
A12,D48,A30,A49,C12204,A65,A73,P2,A93,A101,R2,A123,YR2,A141,A152,E1,A174,L1,A192,A201,K1
A12,D60,A33,A43,C9157,A65,A73,P2,A93,A101,R2,A124,YR2,A143,A153,E1,A174,L1,A191,A201,K1
A11,D6,A34,A40,C3676,A61,A73,P1,A93,A101,R3,A121,YR3,A143,A151,E3,A173,L2,A191,A201,K1
A12,D30,A32,A42,C3441,A62,A73,P2,A92,A102,R4,A123,YR4,A143,A151,E1,A173,L1,A191,A201,K2
A14,D12,A32,A40,C640,A61,A73,P4,A91,A101,R2,A121,YR2,A143,A152,E1,A172,L1,A191,A201,K1
A12,D21,A34,A49,C3652,A61,A74,P2,A93,A101,R3,A122,YR3,A143,A152,E2,A173,L1,A191,A201,K1
A14,D18,A34,A40,C1530,A61,A73,P3,A93,A101,R2,A122,YR2,A141,A152,E2,A173,L1,A191,A201,K2
A14,D48,A32,A49,C3914,A65,A73,P4,A91,A101,R2,A121,YR2,A141,A152,E1,A173,L1,A191,A201,K2
A11,D12,A32,A42,C1858,A61,A72,P4,A92,A101,R1,A123,YR1,A143,A151,E1,A173,L1,A191,A201,K1
A11,D18,A32,A43,C2600,A61,A73,P4,A93,A101,R4,A124,YR4,A143,A153,E2,A173,L1,A191,A201,K2
A14,D15,A32,A43,C1979,A65,A75,P4,A93,A101,R2,A123,YR2,A143,A152,E1,A173,L1,A191,A201,K1
A13,D6,A32,A42,C2116,A61,A73,P2,A93,A101,R2,A121,YR2,A143,A152,E1,A173,L1,A192,A201,K1
A12,D9,A31,A40,C1437,A62,A74,P2,A93,A101,R3,A124,YR3,A143,A152,E1,A173,L1,A191,A201,K2
A14,D42,A34,A42,C4042,A63,A73,P4,A93,A101,R4,A121,YR4,A143,A152,E2,A173,L1,A192,A201,K1
A14,D9,A32,A46,C3832,A65,A75,P1,A93,A101,R4,A121,YR4,A143,A152,E1,A172,L1,A191,A201,K1
A11,D24,A32,A43,C3660,A61,A73,P2,A92,A101,R4,A123,YR4,A143,A152,E1,A173,L1,A191,A201,K1
A11,D18,A31,A42,C1553,A61,A73,P4,A93,A101,R3,A123,YR3,A141,A152,E1,A173,L1,A191,A201,K2
A12,D15,A32,A43,C1444,A65,A72,P4,A93,A101,R1,A122,YR1,A143,A152,E1,A173,L1,A191,A201,K1
A14,D9,A32,A42,C1980,A61,A72,P2,A92,A102,R2,A123,YR2,A143,A151,E2,A173,L1,A191,A201,K2
A12,D24,A32,A40,C1355,A61,A72,P3,A92,A101,R4,A123,YR4,A143,A152,E1,A172,L1,A192,A201,K2
A14,D12,A32,A46,C1393,A61,A75,P4,A93,A101,R4,A122,YR4,A141,A152,E3,A173,L2,A192,A201,K1
A14,D24,A32,A43,C1376,A63,A74,P4,A92,A101,R1,A123,YR1,A143,A152,E1,A173,L1,A191,A201,K1
A14,D60,A33,A43,C15653,A61,A74,P2,A93,A101,R4,A123,YR4,A143,A152,E2,A173,L1,A192,A201,K1
A14,D12,A32,A43,C1493,A61,A72,P4,A92,A101,R3,A123,YR3,A143,A152,E1,A173,L2,A191,A201,K1
A11,D42,A33,A43,C4370,A61,A74,P3,A93,A101,R2,A122,YR2,A141,A152,E2,A173,L2,A192,A201,K2
A11,D18,A32,A46,C750,A61,A71,P4,A92,A101,R1,A121,YR1,A143,A152,E1,A171,L1,A191,A201,K2
A12,D15,A32,A45,C1308,A61,A75,P4,A93,A101,R4,A123,YR4,A143,A152,E2,A172,L1,A191,A201,K1
A14,D15,A32,A46,C4623,A62,A73,P3,A93,A101,R2,A122,YR2,A143,A152,E1,A174,L1,A192,A201,K2
A14,D24,A34,A43,C1851,A61,A74,P4,A94,A103,R2,A123,YR2,A143,A152,E2,A173,L1,A192,A201,K1
A11,D18,A34,A43,C1880,A61,A74,P4,A94,A101,R1,A122,YR1,A143,A152,E2,A174,L1,A192,A201,K1
A14,D36,A33,A49,C7980,A65,A72,P4,A93,A101,R4,A123,YR4,A143,A151,E2,A173,L1,A192,A201,K2
A11,D30,A30,A42,C4583,A61,A73,P2,A91,A103,R2,A121,YR2,A143,A152,E2,A173,L1,A191,A201,K1
A14,D12,A32,A40,C1386,A63,A73,P2,A92,A101,R2,A122,YR2,A143,A152,E1,A173,L1,A191,A201,K2
A13,D24,A32,A40,C947,A61,A74,P4,A93,A101,R3,A124,YR3,A141,A153,E1,A173,L2,A191,A201,K2
A11,D12,A32,A46,C684,A61,A73,P4,A93,A101,R4,A123,YR4,A143,A151,E1,A172,L2,A191,A201,K2
A11,D48,A32,A46,C7476,A61,A74,P4,A93,A101,R1,A124,YR1,A143,A153,E1,A174,L1,A192,A201,K1
A12,D12,A32,A42,C1922,A61,A73,P4,A93,A101,R2,A122,YR2,A143,A152,E1,A172,L1,A191,A201,K2
A11,D24,A32,A40,C2303,A61,A75,P4,A93,A102,R1,A121,YR1,A143,A152,E1,A173,L1,A191,A201,K2
A12,D36,A33,A40,C8086,A62,A75,P2,A93,A101,R4,A123,YR4,A143,A152,E4,A174,L1,A192,A201,K2
A14,D24,A34,A41,C2346,A61,A74,P4,A93,A101,R3,A123,YR3,A143,A152,E2,A173,L1,A192,A201,K1
A11,D14,A32,A40,C3973,A61,A71,P1,A93,A101,R4,A124,YR4,A143,A153,E1,A173,L1,A191,A201,K1
A12,D12,A32,A40,C888,A61,A75,P4,A93,A101,R4,A123,YR4,A141,A152,E1,A172,L2,A191,A201,K2
A14,D48,A32,A43,C10222,A65,A74,P4,A93,A101,R3,A123,YR3,A142,A152,E1,A173,L1,A192,A201,K1
A12,D30,A30,A49,C4221,A61,A73,P2,A92,A101,R1,A123,YR1,A143,A152,E2,A173,L1,A191,A201,K1
A12,D18,A34,A42,C6361,A61,A75,P2,A93,A101,R1,A124,YR1,A143,A152,E1,A173,L1,A192,A201,K1
A13,D12,A32,A43,C1297,A61,A73,P3,A94,A101,R4,A121,YR4,A143,A151,E1,A173,L1,A191,A201,K1
A11,D12,A32,A40,C900,A65,A73,P4,A94,A101,R2,A123,YR2,A143,A152,E1,A173,L1,A191,A201,K2
A14,D21,A32,A42,C2241,A61,A75,P4,A93,A101,R2,A121,YR2,A143,A152,E2,A173,L1,A191,A201,K1
A12,D6,A33,A42,C1050,A61,A71,P4,A93,A101,R1,A122,YR1,A142,A152,E2,A174,L1,A192,A201,K1
A13,D6,A34,A46,C1047,A61,A73,P2,A92,A101,R4,A122,YR4,A143,A152,E1,A172,L1,A191,A201,K1
A14,D24,A34,A410,C6314,A61,A71,P4,A93,A102,R2,A124,YR2,A141,A152,E2,A174,L1,A192,A201,K1
A12,D30,A31,A42,C3496,A64,A73,P4,A93,A101,R2,A123,YR2,A142,A152,E1,A173,L2,A192,A201,K1
A14,D48,A31,A49,C3609,A61,A73,P1,A92,A101,R1,A121,YR1,A142,A152,E1,A173,L1,A191,A201,K1
A11,D12,A34,A40,C4843,A61,A75,P3,A93,A102,R4,A122,YR4,A143,A151,E2,A173,L1,A192,A201,K2
A13,D30,A34,A43,C3017,A61,A75,P4,A93,A101,R4,A122,YR4,A143,A152,E1,A173,L1,A191,A201,K1
A14,D24,A34,A49,C4139,A62,A73,P3,A93,A101,R3,A122,YR3,A143,A152,E2,A172,L1,A192,A201,K1
A14,D36,A32,A49,C5742,A62,A74,P2,A93,A101,R2,A123,YR2,A143,A152,E2,A173,L1,A192,A201,K1
A14,D60,A32,A40,C10366,A61,A75,P2,A93,A101,R4,A122,YR4,A143,A152,E1,A174,L1,A192,A201,K1
A14,D6,A34,A40,C2080,A63,A73,P1,A94,A101,R2,A123,YR2,A143,A152,E1,A173,L1,A191,A201,K1
A14,D21,A33,A49,C2580,A63,A72,P4,A93,A101,R2,A121,YR2,A141,A152,E1,A172,L2,A191,A201,K2
A14,D30,A34,A43,C4530,A61,A74,P4,A92,A101,R4,A123,YR4,A143,A151,E1,A174,L1,A192,A201,K1
A14,D24,A34,A42,C5150,A61,A75,P4,A93,A101,R4,A123,YR4,A143,A152,E1,A173,L1,A192,A201,K1
A12,D72,A32,A43,C5595,A62,A73,P2,A94,A101,R2,A123,YR2,A143,A152,E1,A173,L1,A191,A201,K2
A11,D24,A32,A43,C2384,A61,A75,P4,A93,A101,R4,A121,YR4,A141,A151,E1,A172,L1,A191,A201,K1
A14,D18,A32,A43,C1453,A61,A72,P3,A92,A101,R1,A121,YR1,A143,A152,E1,A173,L1,A191,A201,K1
A14,D6,A32,A46,C1538,A61,A72,P1,A92,A101,R2,A124,YR2,A143,A152,E1,A173,L1,A191,A201,K1
A14,D12,A32,A43,C2279,A65,A73,P4,A93,A101,R4,A124,YR4,A143,A153,E1,A173,L1,A192,A201,K1
A14,D15,A33,A43,C1478,A61,A73,P4,A94,A101,R3,A121,YR3,A141,A152,E2,A173,L1,A191,A201,K1
A14,D24,A34,A43,C5103,A61,A72,P3,A94,A101,R3,A124,YR3,A143,A153,E3,A173,L1,A192,A201,K1
A12,D36,A33,A49,C9857,A62,A74,P1,A93,A101,R3,A122,YR3,A143,A152,E2,A172,L2,A192,A201,K1
A14,D60,A32,A40,C6527,A65,A73,P4,A93,A101,R4,A124,YR4,A143,A153,E1,A173,L2,A192,A201,K1
A13,D10,A34,A43,C1347,A65,A74,P4,A93,A101,R2,A122,YR2,A143,A152,E2,A173,L1,A192,A201,K1
A12,D36,A33,A40,C2862,A62,A75,P4,A93,A101,R3,A124,YR3,A143,A153,E1,A173,L1,A191,A201,K1
A14,D9,A32,A43,C2753,A62,A75,P3,A93,A102,R4,A123,YR4,A143,A152,E1,A173,L1,A192,A201,K1
A11,D12,A32,A40,C3651,A64,A73,P1,A93,A101,R3,A122,YR3,A143,A152,E1,A173,L2,A191,A201,K1
A11,D15,A34,A42,C975,A61,A73,P2,A91,A101,R3,A122,YR3,A143,A152,E2,A173,L1,A191,A201,K1
A12,D15,A32,A45,C2631,A62,A73,P3,A92,A101,R2,A121,YR2,A143,A152,E1,A172,L1,A191,A201,K1
A12,D24,A32,A43,C2896,A62,A72,P2,A93,A101,R1,A123,YR1,A143,A152,E1,A173,L1,A191,A201,K1
A11,D6,A34,A40,C4716,A65,A72,P1,A93,A101,R3,A121,YR3,A143,A152,E2,A172,L2,A191,A201,K1
A14,D24,A32,A43,C2284,A61,A74,P4,A93,A101,R2,A123,YR2,A143,A152,E1,A173,L1,A192,A201,K1
A14,D6,A32,A41,C1236,A63,A73,P2,A93,A101,R4,A122,YR4,A143,A151,E1,A173,L1,A191,A201,K1
A12,D12,A32,A43,C1103,A61,A74,P4,A93,A103,R3,A121,YR3,A143,A152,E2,A173,L1,A191,A202,K1
A14,D12,A34,A40,C926,A61,A71,P1,A92,A101,R2,A122,YR2,A143,A152,E1,A171,L1,A191,A201,K1
A14,D18,A34,A43,C1800,A61,A73,P4,A93,A101,R2,A123,YR2,A143,A152,E2,A173,L1,A191,A201,K1
A13,D15,A32,A46,C1905,A61,A75,P4,A93,A101,R4,A123,YR4,A143,A151,E1,A174,L1,A192,A201,K1
A14,D12,A32,A42,C1123,A63,A73,P4,A92,A101,R4,A123,YR4,A143,A151,E1,A172,L1,A191,A201,K2
A11,D48,A34,A41,C6331,A61,A75,P4,A93,A101,R4,A124,YR4,A143,A153,E2,A173,L1,A192,A201,K2
A13,D24,A32,A43,C1377,A62,A75,P4,A92,A101,R2,A124,YR2,A143,A153,E1,A173,L1,A192,A201,K1
A12,D30,A33,A49,C2503,A62,A75,P4,A93,A101,R2,A122,YR2,A142,A152,E2,A173,L1,A191,A201,K1
A12,D27,A32,A49,C2528,A61,A72,P4,A92,A101,R1,A122,YR1,A143,A152,E1,A173,L2,A192,A201,K1
A14,D15,A32,A40,C5324,A63,A75,P1,A92,A101,R4,A124,YR4,A143,A153,E1,A173,L1,A191,A201,K1
A12,D48,A32,A40,C6560,A62,A74,P3,A93,A101,R2,A122,YR2,A143,A152,E1,A173,L1,A191,A201,K2
A12,D12,A30,A42,C2969,A61,A72,P4,A92,A101,R3,A122,YR3,A143,A151,E2,A173,L1,A191,A201,K2
A12,D9,A32,A43,C1206,A61,A75,P4,A92,A101,R4,A121,YR4,A143,A152,E1,A173,L1,A191,A201,K1
A12,D9,A32,A43,C2118,A61,A73,P2,A93,A101,R2,A121,YR2,A143,A152,E1,A172,L2,A191,A201,K1
A14,D18,A34,A43,C629,A63,A75,P4,A93,A101,R3,A122,YR3,A141,A152,E2,A174,L1,A192,A201,K1
A11,D6,A31,A46,C1198,A61,A75,P4,A92,A101,R4,A124,YR4,A143,A153,E1,A173,L1,A191,A201,K2
A14,D21,A32,A41,C2476,A65,A75,P4,A93,A101,R4,A121,YR4,A143,A152,E1,A174,L1,A192,A201,K1
A11,D9,A34,A43,C1138,A61,A73,P4,A93,A101,R4,A121,YR4,A143,A152,E2,A172,L1,A191,A201,K1
A12,D60,A32,A40,C14027,A61,A74,P4,A93,A101,R2,A124,YR2,A143,A152,E1,A174,L1,A192,A201,K2
A14,D30,A34,A41,C7596,A65,A75,P1,A93,A101,R4,A123,YR4,A143,A152,E2,A173,L1,A191,A201,K1
A14,D30,A34,A43,C3077,A65,A75,P3,A93,A101,R2,A123,YR2,A143,A152,E2,A173,L2,A192,A201,K1
A14,D18,A32,A43,C1505,A61,A73,P4,A93,A101,R2,A124,YR2,A143,A153,E1,A174,L1,A192,A201,K1
A13,D24,A34,A43,C3148,A65,A73,P3,A93,A101,R2,A123,YR2,A143,A152,E2,A173,L1,A192,A201,K1
A12,D20,A30,A41,C6148,A62,A75,P3,A94,A101,R4,A123,YR4,A141,A152,E2,A173,L1,A192,A201,K1
A13,D9,A30,A43,C1337,A61,A72,P4,A93,A101,R2,A123,YR2,A143,A152,E2,A174,L1,A192,A201,K2
A12,D6,A31,A46,C433,A64,A72,P4,A92,A101,R2,A122,YR2,A141,A151,E1,A173,L2,A191,A201,K2
A11,D12,A32,A40,C1228,A61,A73,P4,A92,A101,R2,A121,YR2,A143,A152,E1,A172,L1,A191,A201,K2
A12,D9,A32,A43,C790,A63,A73,P4,A92,A101,R3,A121,YR3,A143,A152,E1,A172,L1,A191,A201,K1
A14,D27,A32,A40,C2570,A61,A73,P3,A92,A101,R3,A121,YR3,A143,A151,E1,A173,L1,A191,A201,K2
A14,D6,A34,A40,C250,A64,A73,P2,A92,A101,R2,A121,YR2,A141,A152,E2,A172,L1,A191,A201,K1
A14,D15,A34,A43,C1316,A63,A73,P2,A94,A101,R2,A122,YR2,A143,A152,E2,A172,L1,A191,A201,K1
A11,D18,A32,A43,C1882,A61,A73,P4,A92,A101,R4,A123,YR4,A141,A151,E2,A173,L1,A191,A201,K2
A12,D48,A31,A49,C6416,A61,A75,P4,A92,A101,R3,A124,YR3,A143,A151,E1,A173,L1,A191,A201,K2
A13,D24,A34,A49,C1275,A64,A73,P2,A91,A101,R4,A121,YR4,A143,A152,E2,A173,L1,A192,A201,K1
A12,D24,A33,A43,C6403,A61,A72,P1,A93,A101,R2,A123,YR2,A143,A152,E1,A173,L1,A191,A201,K1
A11,D24,A32,A43,C1987,A61,A73,P2,A93,A101,R4,A121,YR4,A143,A151,E1,A172,L2,A191,A201,K2
A12,D8,A32,A43,C760,A61,A74,P4,A92,A103,R2,A121,YR2,A143,A152,E1,A172,L1,A191,A201,K1
A14,D24,A32,A41,C2603,A64,A73,P2,A92,A101,R4,A123,YR4,A143,A151,E1,A173,L1,A192,A201,K1
A14,D4,A34,A40,C3380,A61,A74,P1,A92,A101,R1,A121,YR1,A143,A152,E1,A173,L2,A191,A201,K1
A12,D36,A31,A44,C3990,A65,A72,P3,A92,A101,R2,A124,YR2,A141,A152,E1,A171,L1,A191,A201,K1
A12,D24,A32,A41,C11560,A61,A73,P1,A92,A101,R4,A123,YR4,A143,A151,E2,A174,L1,A191,A201,K2
A11,D18,A32,A40,C4380,A62,A73,P3,A93,A101,R4,A123,YR4,A143,A152,E1,A172,L2,A192,A201,K1
A14,D6,A34,A40,C6761,A61,A74,P1,A93,A101,R3,A124,YR3,A143,A152,E2,A174,L2,A192,A201,K1
A12,D30,A30,A49,C4280,A62,A73,P4,A92,A101,R4,A123,YR4,A143,A151,E2,A172,L1,A191,A201,K2
A11,D24,A31,A40,C2325,A62,A74,P2,A93,A101,R3,A123,YR3,A141,A152,E1,A173,L1,A191,A201,K1
A12,D10,A31,A43,C1048,A61,A73,P4,A93,A101,R4,A121,YR4,A142,A152,E1,A172,L1,A191,A201,K1
A14,D21,A32,A43,C3160,A65,A75,P4,A93,A101,R3,A122,YR3,A143,A152,E1,A173,L1,A192,A201,K1
A11,D24,A31,A42,C2483,A63,A73,P4,A93,A101,R4,A121,YR4,A142,A152,E1,A173,L1,A192,A201,K1
A11,D39,A34,A42,C14179,A65,A74,P4,A93,A101,R4,A122,YR4,A143,A152,E2,A174,L1,A192,A201,K1
A11,D13,A34,A49,C1797,A61,A72,P3,A93,A101,R1,A122,YR1,A141,A152,E2,A172,L1,A191,A201,K1
A11,D15,A32,A40,C2511,A61,A71,P1,A92,A101,R4,A123,YR4,A143,A151,E1,A173,L1,A191,A201,K1
A11,D12,A32,A40,C1274,A61,A72,P3,A92,A101,R1,A121,YR1,A143,A152,E1,A172,L1,A191,A201,K2
A14,D21,A32,A41,C5248,A65,A73,P1,A93,A101,R3,A123,YR3,A143,A152,E1,A173,L1,A191,A201,K1
A14,D15,A32,A41,C3029,A61,A74,P2,A93,A101,R2,A123,YR2,A143,A152,E1,A173,L1,A191,A201,K1
A11,D6,A32,A42,C428,A61,A75,P2,A92,A101,R1,A122,YR1,A141,A152,E1,A173,L1,A192,A201,K1
A11,D18,A32,A40,C976,A61,A72,P1,A92,A101,R2,A123,YR2,A143,A152,E1,A172,L1,A191,A201,K2
A12,D12,A32,A49,C841,A62,A74,P2,A92,A101,R4,A121,YR4,A143,A151,E1,A172,L1,A191,A201,K1
A14,D30,A34,A43,C5771,A61,A74,P4,A92,A101,R2,A123,YR2,A143,A152,E2,A173,L1,A191,A201,K1
A14,D12,A33,A45,C1555,A64,A75,P4,A93,A101,R4,A124,YR4,A143,A153,E2,A173,L2,A191,A201,K2
A11,D24,A32,A40,C1285,A65,A74,P4,A92,A101,R4,A124,YR4,A143,A151,E1,A173,L1,A191,A201,K2
A13,D6,A34,A40,C1299,A61,A73,P1,A93,A101,R1,A121,YR1,A143,A152,E3,A171,L2,A191,A202,K1
A13,D15,A34,A43,C1271,A65,A73,P3,A93,A101,R4,A124,YR4,A143,A153,E2,A173,L1,A192,A201,K2
A14,D24,A32,A40,C1393,A61,A73,P2,A93,A103,R2,A121,YR2,A143,A152,E1,A173,L1,A192,A201,K1
A11,D12,A34,A40,C691,A61,A75,P4,A93,A101,R3,A122,YR3,A143,A152,E2,A173,L1,A191,A201,K2
A14,D15,A34,A40,C5045,A65,A75,P1,A92,A101,R4,A123,YR4,A143,A152,E1,A173,L1,A192,A201,K1
A11,D18,A34,A42,C2124,A61,A73,P4,A92,A101,R4,A121,YR4,A143,A151,E2,A173,L1,A191,A201,K2
A11,D12,A32,A43,C2214,A61,A73,P4,A93,A101,R3,A122,YR3,A143,A152,E1,A172,L1,A191,A201,K1
A14,D21,A34,A40,C12680,A65,A75,P4,A93,A101,R4,A124,YR4,A143,A153,E1,A174,L1,A192,A201,K2
A14,D24,A34,A40,C2463,A62,A74,P4,A94,A101,R3,A122,YR3,A143,A152,E2,A173,L1,A192,A201,K1
A12,D12,A32,A43,C1155,A61,A75,P3,A94,A103,R3,A121,YR3,A141,A152,E2,A172,L1,A191,A201,K1
A11,D30,A32,A42,C3108,A61,A72,P2,A91,A101,R4,A122,YR4,A143,A152,E1,A172,L1,A191,A201,K2
A14,D10,A32,A41,C2901,A65,A72,P1,A92,A101,R4,A121,YR4,A143,A151,E1,A173,L1,A191,A201,K1
A12,D12,A34,A42,C3617,A61,A75,P1,A93,A101,R4,A123,YR4,A143,A151,E3,A173,L1,A192,A201,K1
A14,D12,A34,A43,C1655,A61,A75,P2,A93,A101,R4,A121,YR4,A143,A152,E2,A172,L1,A192,A201,K1
A11,D24,A32,A41,C2812,A65,A75,P2,A92,A101,R4,A121,YR4,A143,A151,E1,A173,L1,A191,A201,K1
A11,D36,A34,A46,C8065,A61,A73,P3,A92,A101,R2,A124,YR2,A143,A152,E2,A174,L1,A192,A201,K2
A14,D21,A34,A41,C3275,A61,A75,P1,A93,A101,R4,A123,YR4,A143,A152,E1,A174,L1,A192,A201,K1
A14,D24,A34,A43,C2223,A62,A75,P4,A93,A101,R4,A122,YR4,A141,A152,E2,A173,L1,A191,A201,K1
A13,D12,A34,A40,C1480,A63,A71,P2,A93,A101,R4,A124,YR4,A141,A153,E3,A171,L1,A191,A201,K1
A11,D24,A32,A40,C1371,A65,A73,P4,A92,A101,R4,A121,YR4,A143,A151,E1,A173,L1,A191,A201,K2
A14,D36,A34,A40,C3535,A61,A74,P4,A93,A101,R4,A123,YR4,A143,A152,E2,A173,L1,A192,A201,K1
A11,D18,A32,A43,C3509,A61,A74,P4,A92,A103,R1,A121,YR1,A143,A152,E1,A173,L1,A191,A201,K1
A14,D36,A34,A41,C5711,A64,A75,P4,A93,A101,R2,A123,YR2,A143,A152,E2,A174,L1,A192,A201,K1
A12,D18,A32,A45,C3872,A61,A71,P2,A92,A101,R4,A123,YR4,A143,A152,E1,A173,L1,A192,A201,K1
A12,D39,A34,A43,C4933,A61,A74,P2,A93,A103,R2,A121,YR2,A143,A152,E2,A173,L1,A191,A201,K2
A14,D24,A34,A40,C1940,A64,A75,P4,A93,A101,R4,A121,YR4,A143,A152,E1,A173,L1,A192,A201,K1
A12,D12,A30,A48,C1410,A61,A73,P2,A93,A101,R2,A121,YR2,A143,A152,E1,A172,L1,A192,A201,K1
A12,D12,A32,A40,C836,A62,A72,P4,A92,A101,R2,A122,YR2,A141,A152,E1,A172,L1,A191,A201,K2
A12,D20,A32,A41,C6468,A65,A71,P1,A91,A101,R4,A121,YR4,A143,A152,E1,A174,L1,A192,A201,K1
A12,D18,A32,A49,C1941,A64,A73,P4,A93,A101,R2,A122,YR2,A143,A152,E1,A172,L1,A192,A201,K1
A14,D22,A32,A43,C2675,A63,A75,P3,A93,A101,R4,A123,YR4,A143,A152,E1,A173,L1,A191,A201,K1
A14,D48,A34,A41,C2751,A65,A75,P4,A93,A101,R3,A123,YR3,A143,A152,E2,A173,L2,A192,A201,K1
A12,D48,A33,A46,C6224,A61,A75,P4,A93,A101,R4,A124,YR4,A143,A153,E1,A173,L1,A191,A201,K2
A11,D40,A34,A46,C5998,A61,A73,P4,A93,A101,R3,A124,YR3,A141,A152,E1,A173,L1,A192,A201,K2
A12,D21,A32,A49,C1188,A61,A75,P2,A92,A101,R4,A122,YR4,A143,A152,E1,A173,L2,A191,A201,K2
A14,D24,A32,A41,C6313,A65,A75,P3,A93,A101,R4,A123,YR4,A143,A152,E1,A174,L2,A192,A201,K1
A14,D6,A34,A42,C1221,A65,A73,P1,A94,A101,R2,A122,YR2,A143,A152,E2,A173,L1,A191,A201,K1
A13,D24,A32,A42,C2892,A61,A75,P3,A91,A101,R4,A124,YR4,A143,A153,E1,A173,L1,A191,A201,K1
A14,D24,A32,A42,C3062,A63,A75,P4,A93,A101,R3,A124,YR3,A143,A151,E1,A173,L1,A192,A201,K1
A14,D9,A32,A42,C2301,A62,A72,P2,A92,A101,R4,A122,YR4,A143,A151,E1,A173,L1,A191,A201,K1
A11,D18,A32,A41,C7511,A65,A75,P1,A93,A101,R4,A122,YR4,A143,A153,E1,A173,L2,A192,A201,K2
A14,D12,A34,A42,C1258,A61,A72,P2,A92,A101,R4,A122,YR4,A143,A151,E2,A172,L1,A191,A201,K1
A14,D24,A33,A40,C717,A65,A75,P4,A94,A101,R4,A123,YR4,A143,A152,E2,A173,L1,A192,A201,K1
A12,D9,A32,A40,C1549,A65,A72,P4,A93,A101,R2,A121,YR2,A143,A152,E1,A171,L1,A191,A201,K1
A14,D24,A34,A46,C1597,A61,A75,P4,A93,A101,R4,A124,YR4,A143,A153,E2,A173,L2,A191,A201,K1
A12,D18,A34,A43,C1795,A61,A75,P3,A92,A103,R4,A121,YR4,A141,A151,E2,A172,L1,A192,A201,K1
A11,D20,A34,A42,C4272,A61,A75,P1,A92,A101,R4,A122,YR4,A143,A152,E2,A173,L1,A191,A201,K1
A14,D12,A34,A43,C976,A65,A75,P4,A93,A101,R4,A123,YR4,A143,A152,E2,A173,L1,A191,A201,K1
A12,D12,A32,A40,C7472,A65,A71,P1,A92,A101,R2,A121,YR2,A143,A151,E1,A171,L1,A191,A201,K1
A11,D36,A32,A40,C9271,A61,A74,P2,A93,A101,R1,A123,YR1,A143,A152,E1,A173,L1,A192,A201,K2
A12,D6,A32,A43,C590,A61,A72,P3,A94,A101,R3,A121,YR3,A143,A152,E1,A172,L1,A191,A202,K1
A14,D12,A34,A43,C930,A65,A75,P4,A93,A101,R4,A121,YR4,A143,A152,E4,A173,L1,A191,A201,K1
A12,D42,A31,A41,C9283,A61,A71,P1,A93,A101,R2,A124,YR2,A141,A153,E1,A174,L1,A192,A201,K1
A12,D15,A30,A40,C1778,A61,A72,P2,A92,A101,R1,A121,YR1,A143,A151,E2,A171,L1,A191,A201,K2
A12,D8,A32,A49,C907,A61,A72,P3,A94,A101,R2,A121,YR2,A143,A152,E1,A173,L1,A192,A201,K1
A12,D6,A32,A43,C484,A61,A74,P3,A94,A103,R3,A121,YR3,A141,A152,E1,A172,L1,A191,A201,K1
A11,D36,A34,A41,C9629,A61,A74,P4,A93,A101,R4,A123,YR4,A143,A152,E2,A173,L1,A192,A201,K2
A11,D48,A32,A44,C3051,A61,A73,P3,A93,A101,R4,A123,YR4,A143,A152,E1,A173,L1,A191,A201,K2
A11,D48,A32,A40,C3931,A61,A74,P4,A93,A101,R4,A124,YR4,A143,A153,E1,A173,L2,A191,A201,K2
A12,D36,A33,A40,C7432,A61,A73,P2,A92,A101,R2,A122,YR2,A143,A151,E1,A173,L1,A191,A201,K1
A14,D6,A32,A44,C1338,A63,A73,P1,A91,A101,R4,A121,YR4,A143,A152,E1,A173,L1,A191,A201,K1
A14,D6,A34,A43,C1554,A61,A74,P1,A92,A101,R2,A123,YR2,A143,A151,E2,A173,L1,A192,A201,K1
A11,D36,A32,A410,C15857,A61,A71,P2,A91,A102,R3,A123,YR3,A143,A152,E1,A174,L1,A191,A201,K1
A11,D18,A32,A43,C1345,A61,A73,P4,A94,A101,R3,A121,YR3,A141,A152,E1,A173,L1,A191,A201,K2
A14,D12,A32,A40,C1101,A61,A73,P3,A94,A101,R2,A121,YR2,A143,A152,E2,A173,L1,A192,A201,K1
A13,D12,A32,A43,C3016,A61,A73,P3,A94,A101,R1,A123,YR1,A143,A152,E1,A173,L1,A191,A201,K1
A11,D36,A32,A42,C2712,A61,A75,P2,A93,A101,R2,A122,YR2,A141,A152,E1,A173,L2,A191,A201,K2
A11,D8,A34,A40,C731,A61,A75,P4,A93,A101,R4,A121,YR4,A143,A152,E2,A172,L1,A191,A201,K1
A14,D18,A34,A42,C3780,A61,A72,P3,A91,A101,R2,A123,YR2,A143,A152,E2,A174,L1,A192,A201,K1
A11,D21,A34,A40,C1602,A61,A75,P4,A94,A101,R3,A123,YR3,A143,A152,E2,A173,L1,A192,A201,K1
A11,D18,A34,A40,C3966,A61,A75,P1,A92,A101,R4,A121,YR4,A141,A151,E3,A173,L1,A192,A201,K2
A14,D18,A30,A49,C4165,A61,A73,P2,A93,A101,R2,A123,YR2,A142,A152,E2,A173,L2,A191,A201,K2
A11,D36,A32,A41,C8335,A65,A75,P3,A93,A101,R4,A124,YR4,A143,A153,E1,A173,L1,A191,A201,K2
A12,D48,A33,A49,C6681,A65,A73,P4,A93,A101,R4,A124,YR4,A143,A153,E1,A173,L2,A192,A201,K1
A14,D24,A33,A49,C2375,A63,A73,P4,A93,A101,R2,A123,YR2,A143,A152,E2,A173,L2,A192,A201,K1
A11,D18,A32,A40,C1216,A61,A72,P4,A92,A101,R3,A123,YR3,A143,A151,E1,A173,L1,A192,A201,K2
A11,D45,A30,A49,C11816,A61,A75,P2,A93,A101,R4,A123,YR4,A143,A151,E2,A173,L1,A191,A201,K2
A12,D24,A32,A43,C5084,A65,A75,P2,A92,A101,R4,A123,YR4,A143,A152,E1,A173,L1,A192,A201,K1
A13,D15,A32,A43,C2327,A61,A72,P2,A92,A101,R3,A121,YR3,A143,A152,E1,A172,L1,A191,A201,K2
A11,D12,A30,A40,C1082,A61,A73,P4,A93,A101,R4,A123,YR4,A141,A152,E2,A173,L1,A191,A201,K2
A14,D12,A32,A43,C886,A65,A73,P4,A92,A101,R2,A123,YR2,A143,A152,E1,A173,L1,A191,A201,K1
A14,D4,A32,A42,C601,A61,A72,P1,A92,A101,R3,A121,YR3,A143,A151,E1,A172,L2,A191,A201,K1
A11,D24,A34,A41,C2957,A61,A75,P4,A93,A101,R4,A122,YR4,A143,A152,E2,A173,L1,A192,A201,K1
A14,D24,A34,A43,C2611,A61,A75,P4,A94,A102,R3,A121,YR3,A143,A152,E2,A173,L1,A191,A201,K1
A11,D36,A32,A42,C5179,A61,A74,P4,A93,A101,R2,A122,YR2,A143,A152,E1,A173,L1,A191,A201,K2
A14,D21,A33,A41,C2993,A61,A73,P3,A93,A101,R2,A121,YR2,A142,A152,E2,A172,L1,A191,A201,K1
A14,D18,A32,A45,C1943,A61,A72,P4,A92,A101,R4,A121,YR4,A143,A152,E1,A173,L1,A191,A201,K2
A14,D24,A31,A49,C1559,A61,A74,P4,A93,A101,R4,A123,YR4,A141,A152,E1,A173,L1,A192,A201,K1
A14,D18,A32,A42,C3422,A61,A75,P4,A93,A101,R4,A122,YR4,A141,A152,E3,A173,L2,A192,A201,K1
A12,D21,A32,A42,C3976,A65,A74,P2,A93,A101,R3,A123,YR3,A143,A152,E1,A173,L1,A192,A201,K1
A14,D18,A32,A40,C6761,A65,A73,P2,A93,A101,R4,A123,YR4,A143,A151,E2,A173,L1,A191,A201,K2
A14,D24,A32,A40,C1249,A61,A72,P4,A94,A101,R2,A121,YR2,A143,A152,E1,A173,L1,A191,A201,K1
A11,D9,A32,A43,C1364,A61,A74,P3,A93,A101,R4,A121,YR4,A143,A152,E1,A173,L1,A191,A201,K1
A11,D12,A32,A43,C709,A61,A75,P4,A93,A101,R4,A121,YR4,A142,A152,E1,A172,L1,A191,A201,K2
A11,D20,A34,A40,C2235,A61,A73,P4,A94,A103,R2,A122,YR2,A141,A151,E2,A173,L1,A191,A202,K2
A14,D24,A34,A41,C4042,A65,A74,P3,A93,A101,R4,A122,YR4,A143,A152,E2,A173,L1,A192,A201,K1
A14,D15,A34,A43,C1471,A61,A73,P4,A93,A101,R4,A124,YR4,A143,A153,E2,A173,L1,A192,A201,K1
A11,D18,A31,A40,C1442,A61,A74,P4,A93,A101,R4,A124,YR4,A143,A153,E2,A172,L2,A191,A201,K2
A14,D36,A33,A40,C10875,A61,A75,P2,A93,A101,R2,A123,YR2,A143,A152,E2,A173,L2,A192,A201,K1
A14,D24,A32,A40,C1474,A62,A72,P4,A94,A101,R3,A121,YR3,A143,A152,E1,A173,L1,A192,A201,K1
A14,D10,A32,A48,C894,A65,A74,P4,A92,A101,R3,A122,YR3,A143,A152,E1,A173,L1,A192,A201,K1
A14,D15,A34,A42,C3343,A61,A73,P4,A93,A101,R2,A124,YR2,A143,A153,E1,A173,L1,A192,A201,K1
A11,D15,A32,A40,C3959,A61,A73,P3,A92,A101,R2,A122,YR2,A143,A152,E1,A173,L1,A192,A201,K2
A14,D9,A32,A40,C3577,A62,A73,P1,A93,A103,R2,A121,YR2,A143,A151,E1,A173,L2,A191,A202,K1
A14,D24,A34,A41,C5804,A64,A73,P4,A93,A101,R2,A121,YR2,A143,A152,E2,A173,L1,A191,A201,K1
A14,D18,A33,A49,C2169,A61,A73,P4,A94,A101,R2,A123,YR2,A143,A152,E1,A173,L1,A192,A201,K2
A11,D24,A32,A43,C2439,A61,A72,P4,A92,A101,R4,A121,YR4,A143,A152,E1,A173,L1,A192,A201,K2
A14,D27,A34,A42,C4526,A64,A72,P4,A93,A101,R2,A121,YR2,A142,A152,E2,A172,L2,A192,A201,K1
A14,D10,A32,A42,C2210,A61,A73,P2,A93,A101,R2,A121,YR2,A141,A151,E1,A172,L1,A191,A201,K2
A14,D15,A32,A42,C2221,A63,A73,P2,A92,A101,R4,A123,YR4,A143,A151,E1,A173,L1,A191,A201,K1
A11,D18,A32,A43,C2389,A61,A72,P4,A92,A101,R1,A123,YR1,A142,A152,E1,A173,L1,A191,A201,K1
A14,D12,A34,A42,C3331,A61,A75,P2,A93,A101,R4,A122,YR4,A142,A152,E1,A173,L1,A191,A201,K1
A14,D36,A32,A49,C7409,A65,A75,P3,A93,A101,R2,A122,YR2,A143,A152,E2,A173,L1,A191,A201,K1
A11,D12,A32,A42,C652,A61,A75,P4,A92,A101,R4,A122,YR4,A143,A151,E1,A173,L1,A191,A201,K1
A14,D36,A33,A42,C7678,A63,A74,P2,A92,A101,R4,A123,YR4,A143,A152,E2,A173,L1,A192,A201,K1
A13,D6,A34,A40,C1343,A61,A75,P1,A93,A101,R4,A121,YR4,A143,A152,E2,A173,L2,A191,A202,K1
A11,D24,A34,A49,C1382,A62,A74,P4,A93,A101,R1,A121,YR1,A143,A152,E2,A173,L1,A192,A201,K1
A14,D15,A32,A44,C874,A65,A72,P4,A92,A101,R1,A121,YR1,A143,A152,E1,A173,L1,A191,A201,K1
A11,D12,A32,A42,C3590,A61,A73,P2,A93,A102,R2,A122,YR2,A143,A152,E1,A172,L2,A191,A201,K1
A12,D11,A34,A40,C1322,A64,A73,P4,A92,A101,R4,A123,YR4,A143,A152,E2,A173,L1,A191,A201,K1
A11,D18,A31,A43,C1940,A61,A72,P3,A93,A102,R4,A124,YR4,A141,A153,E1,A174,L1,A192,A201,K1
A14,D36,A32,A43,C3595,A61,A75,P4,A93,A101,R2,A123,YR2,A143,A152,E1,A173,L1,A191,A201,K1
A11,D9,A32,A40,C1422,A61,A72,P3,A93,A101,R2,A124,YR2,A143,A153,E1,A174,L1,A192,A201,K2
A14,D30,A34,A43,C6742,A65,A74,P2,A93,A101,R3,A122,YR3,A143,A152,E2,A173,L1,A191,A201,K1
A14,D24,A32,A41,C7814,A61,A74,P3,A93,A101,R3,A123,YR3,A143,A152,E1,A174,L1,A192,A201,K1
A14,D24,A32,A41,C9277,A65,A73,P2,A91,A101,R4,A124,YR4,A143,A153,E1,A173,L1,A192,A201,K1
A12,D30,A34,A40,C2181,A65,A75,P4,A93,A101,R4,A121,YR4,A143,A152,E2,A173,L1,A191,A201,K1
A14,D18,A34,A43,C1098,A61,A71,P4,A92,A101,R4,A123,YR4,A143,A152,E2,A171,L1,A191,A201,K1
A12,D24,A32,A42,C4057,A61,A74,P3,A91,A101,R3,A123,YR3,A143,A152,E1,A173,L1,A192,A201,K2
A11,D12,A32,A46,C795,A61,A72,P4,A92,A101,R4,A122,YR4,A143,A152,E1,A173,L1,A191,A201,K2
A12,D24,A34,A49,C2825,A65,A74,P4,A93,A101,R3,A124,YR3,A143,A152,E2,A173,L2,A192,A201,K1
A12,D48,A32,A49,C15672,A61,A73,P2,A93,A101,R2,A123,YR2,A143,A152,E1,A173,L1,A192,A201,K2
A14,D36,A34,A40,C6614,A61,A75,P4,A93,A101,R4,A123,YR4,A143,A152,E2,A174,L1,A192,A201,K1
A14,D28,A31,A41,C7824,A65,A72,P3,A93,A103,R4,A121,YR4,A141,A151,E2,A173,L2,A192,A201,K1
A11,D27,A34,A49,C2442,A61,A75,P4,A93,A101,R4,A123,YR4,A142,A152,E4,A174,L2,A192,A201,K1
A14,D15,A34,A43,C1829,A61,A75,P4,A93,A101,R4,A123,YR4,A143,A152,E2,A173,L1,A192,A201,K1
A11,D12,A34,A40,C2171,A61,A73,P4,A93,A101,R4,A122,YR4,A141,A152,E2,A172,L1,A191,A202,K1
A12,D36,A34,A41,C5800,A61,A73,P3,A93,A101,R4,A123,YR4,A143,A152,E2,A173,L1,A192,A201,K1
A14,D18,A34,A43,C1169,A65,A73,P4,A93,A101,R3,A122,YR3,A143,A152,E2,A173,L1,A192,A201,K1
A14,D36,A33,A41,C8947,A65,A74,P3,A93,A101,R2,A123,YR2,A142,A152,E1,A174,L2,A192,A201,K1
A11,D21,A32,A43,C2606,A61,A72,P4,A92,A101,R4,A122,YR4,A143,A151,E1,A174,L1,A192,A201,K1
A14,D12,A34,A42,C1592,A64,A74,P3,A92,A101,R2,A122,YR2,A143,A152,E1,A173,L1,A191,A202,K1
A14,D15,A32,A42,C2186,A65,A74,P1,A92,A101,R4,A121,YR4,A141,A151,E1,A172,L1,A191,A201,K1
A11,D18,A32,A42,C4153,A61,A73,P2,A93,A102,R3,A123,YR3,A143,A152,E1,A173,L1,A191,A201,K2
A11,D16,A34,A40,C2625,A61,A75,P2,A93,A103,R4,A122,YR4,A141,A151,E1,A173,L1,A192,A201,K2
A14,D20,A34,A40,C3485,A65,A72,P2,A91,A101,R4,A121,YR4,A143,A152,E2,A173,L1,A192,A201,K1
A14,D36,A34,A41,C10477,A65,A75,P2,A93,A101,R4,A124,YR4,A143,A153,E2,A173,L1,A191,A201,K1
A14,D15,A32,A43,C1386,A65,A73,P4,A94,A101,R2,A121,YR2,A143,A151,E1,A173,L1,A192,A201,K1
A14,D24,A32,A43,C1278,A61,A75,P4,A93,A101,R1,A121,YR1,A143,A152,E1,A174,L1,A192,A201,K1
A11,D12,A32,A43,C1107,A61,A73,P2,A93,A101,R2,A121,YR2,A143,A151,E1,A174,L2,A192,A201,K1
A11,D21,A32,A40,C3763,A65,A74,P2,A93,A102,R2,A121,YR2,A143,A152,E1,A172,L1,A191,A202,K1
A12,D36,A32,A46,C3711,A65,A73,P2,A94,A101,R2,A123,YR2,A143,A152,E1,A173,L1,A191,A201,K1
A14,D15,A33,A41,C3594,A61,A72,P1,A92,A101,R2,A122,YR2,A143,A152,E2,A172,L1,A191,A201,K1
A12,D9,A32,A40,C3195,A65,A73,P1,A92,A101,R2,A121,YR2,A143,A152,E1,A172,L1,A191,A201,K1
A14,D36,A33,A43,C4454,A61,A73,P4,A92,A101,R4,A121,YR4,A143,A152,E2,A173,L1,A191,A201,K1
A12,D24,A34,A42,C4736,A61,A72,P2,A92,A101,R4,A123,YR4,A141,A152,E1,A172,L1,A191,A201,K2
A12,D30,A32,A43,C2991,A65,A75,P2,A92,A101,R4,A123,YR4,A143,A152,E1,A173,L1,A191,A201,K1
A14,D11,A32,A49,C2142,A64,A75,P1,A91,A101,R2,A121,YR2,A143,A152,E1,A173,L1,A192,A201,K1
A11,D24,A31,A49,C3161,A61,A73,P4,A93,A101,R2,A122,YR2,A143,A151,E1,A173,L1,A192,A201,K2
A12,D48,A30,A410,C18424,A61,A73,P1,A92,A101,R2,A122,YR2,A141,A152,E1,A174,L1,A192,A202,K2
A14,D10,A32,A41,C2848,A62,A73,P1,A93,A102,R2,A121,YR2,A143,A152,E1,A173,L2,A191,A201,K1
A11,D6,A32,A40,C14896,A61,A75,P1,A93,A101,R4,A124,YR4,A141,A152,E1,A174,L1,A192,A201,K2
A11,D24,A32,A42,C2359,A62,A71,P1,A91,A101,R1,A122,YR1,A143,A152,E1,A173,L1,A191,A201,K2
A11,D24,A32,A42,C3345,A61,A75,P4,A93,A101,R2,A122,YR2,A143,A151,E1,A174,L1,A192,A201,K2
A14,D18,A34,A42,C1817,A61,A73,P4,A92,A101,R2,A124,YR2,A143,A152,E2,A173,L1,A191,A201,K1
A14,D48,A33,A43,C12749,A63,A74,P4,A93,A101,R1,A123,YR1,A143,A152,E1,A174,L1,A192,A201,K1
A11,D9,A32,A43,C1366,A61,A72,P3,A92,A101,R4,A122,YR4,A143,A151,E1,A173,L1,A191,A201,K2
A12,D12,A32,A40,C2002,A61,A74,P3,A93,A101,R4,A122,YR4,A143,A151,E1,A173,L2,A192,A201,K1
A11,D24,A31,A42,C6872,A61,A72,P2,A91,A101,R1,A122,YR1,A141,A152,E1,A173,L1,A192,A201,K2
A11,D12,A31,A40,C697,A61,A72,P4,A93,A101,R2,A123,YR2,A141,A152,E2,A173,L1,A192,A201,K2
A11,D18,A34,A42,C1049,A61,A72,P4,A92,A101,R4,A122,YR4,A143,A151,E1,A173,L1,A191,A201,K1
A11,D48,A32,A41,C10297,A61,A74,P4,A93,A101,R4,A124,YR4,A142,A153,E3,A173,L2,A192,A201,K2
A14,D30,A32,A43,C1867,A65,A75,P4,A93,A101,R4,A123,YR4,A143,A152,E1,A173,L1,A192,A201,K1
A11,D12,A33,A40,C1344,A61,A73,P4,A93,A101,R2,A121,YR2,A143,A152,E2,A172,L2,A191,A201,K1
A11,D24,A32,A42,C1747,A61,A72,P4,A93,A102,R1,A122,YR1,A143,A152,E1,A172,L1,A191,A202,K1
A12,D9,A32,A43,C1670,A61,A72,P4,A92,A101,R2,A123,YR2,A143,A152,E1,A173,L1,A192,A201,K2
A14,D9,A34,A40,C1224,A61,A73,P3,A93,A101,R1,A121,YR1,A143,A152,E2,A173,L1,A191,A201,K1
A14,D12,A34,A43,C522,A63,A75,P4,A93,A101,R4,A122,YR4,A143,A152,E2,A173,L2,A192,A201,K1
A11,D12,A32,A43,C1498,A61,A73,P4,A92,A101,R1,A123,YR1,A141,A152,E1,A173,L1,A191,A201,K1
A12,D30,A33,A43,C1919,A62,A72,P4,A93,A101,R3,A124,YR3,A142,A152,E2,A174,L1,A191,A201,K2
A13,D9,A32,A43,C745,A61,A73,P3,A92,A101,R2,A121,YR2,A143,A152,E1,A172,L1,A191,A201,K2
A12,D6,A32,A43,C2063,A61,A72,P4,A94,A101,R3,A123,YR3,A143,A151,E1,A174,L1,A192,A201,K1
A12,D60,A32,A46,C6288,A61,A73,P4,A93,A101,R4,A124,YR4,A143,A153,E1,A173,L1,A191,A201,K2
A14,D24,A34,A41,C6842,A65,A73,P2,A93,A101,R4,A122,YR4,A143,A152,E2,A174,L2,A192,A201,K1
A14,D12,A32,A40,C3527,A65,A72,P2,A93,A101,R3,A122,YR3,A143,A152,E1,A174,L2,A192,A201,K1
A14,D10,A32,A40,C1546,A61,A73,P3,A93,A101,R2,A121,YR2,A143,A152,E1,A172,L2,A191,A202,K1
A14,D24,A32,A42,C929,A65,A74,P4,A93,A101,R2,A123,YR2,A142,A152,E1,A173,L1,A192,A201,K1
A14,D4,A34,A40,C1455,A61,A74,P2,A93,A101,R1,A121,YR1,A143,A152,E3,A172,L2,A191,A201,K1
A11,D15,A32,A42,C1845,A61,A72,P4,A92,A103,R1,A122,YR1,A143,A151,E1,A173,L1,A191,A201,K1
A12,D48,A30,A40,C8358,A63,A72,P1,A92,A101,R1,A123,YR1,A143,A152,E2,A173,L1,A191,A201,K1
A11,D24,A31,A42,C3349,A63,A72,P4,A93,A101,R4,A124,YR4,A143,A153,E1,A173,L2,A192,A201,K2
A14,D12,A32,A40,C2859,A65,A71,P4,A93,A101,R4,A124,YR4,A143,A152,E1,A174,L1,A192,A201,K1
A14,D18,A32,A42,C1533,A61,A72,P4,A94,A102,R1,A122,YR1,A143,A152,E1,A172,L2,A191,A201,K2
A14,D24,A32,A43,C3621,A62,A75,P2,A93,A101,R4,A123,YR4,A143,A152,E2,A173,L1,A191,A201,K2
A12,D18,A34,A49,C3590,A61,A71,P3,A94,A101,R3,A123,YR3,A143,A152,E3,A171,L2,A192,A201,K1
A11,D36,A33,A49,C2145,A61,A74,P2,A93,A101,R1,A123,YR1,A143,A152,E2,A173,L1,A192,A201,K2
A12,D24,A32,A41,C4113,A63,A72,P3,A92,A101,R4,A123,YR4,A143,A151,E1,A173,L1,A191,A201,K2
A14,D36,A32,A42,C10974,A61,A71,P4,A92,A101,R2,A123,YR2,A143,A152,E2,A174,L1,A192,A201,K2
A11,D12,A32,A40,C1893,A61,A73,P4,A92,A103,R4,A122,YR4,A143,A152,E1,A173,L1,A192,A201,K1
A11,D24,A34,A43,C1231,A64,A75,P4,A92,A101,R4,A122,YR4,A143,A151,E2,A174,L1,A192,A201,K1
A13,D30,A34,A43,C3656,A65,A75,P4,A93,A101,R4,A122,YR4,A142,A152,E2,A172,L1,A191,A201,K1
A12,D9,A34,A43,C1154,A61,A75,P2,A93,A101,R4,A121,YR4,A143,A152,E3,A172,L1,A191,A201,K1
A11,D28,A32,A40,C4006,A61,A73,P3,A93,A101,R2,A123,YR2,A143,A152,E1,A172,L1,A191,A201,K2
A12,D24,A32,A42,C3069,A62,A75,P4,A93,A101,R4,A124,YR4,A143,A153,E1,A173,L1,A191,A201,K1
A14,D6,A34,A43,C1740,A61,A75,P2,A94,A101,R2,A121,YR2,A143,A151,E2,A173,L1,A191,A201,K1
A12,D21,A33,A40,C2353,A61,A73,P1,A91,A101,R4,A122,YR4,A143,A152,E2,A173,L1,A191,A201,K1
A14,D15,A32,A40,C3556,A65,A73,P3,A93,A101,R2,A124,YR2,A143,A152,E1,A173,L1,A191,A201,K1
A14,D24,A32,A43,C2397,A63,A75,P3,A93,A101,R2,A123,YR2,A141,A152,E2,A173,L1,A192,A201,K2
A12,D6,A32,A45,C454,A61,A72,P3,A94,A101,R1,A122,YR1,A143,A152,E1,A172,L1,A191,A201,K1
A12,D30,A32,A43,C1715,A65,A73,P4,A92,A101,R1,A123,YR1,A143,A152,E1,A173,L1,A191,A201,K1
A12,D27,A34,A43,C2520,A63,A73,P4,A93,A101,R2,A122,YR2,A143,A152,E2,A172,L1,A191,A201,K2
A14,D15,A32,A43,C3568,A61,A75,P4,A92,A101,R2,A123,YR2,A141,A151,E1,A174,L1,A192,A201,K1
A14,D42,A32,A43,C7166,A65,A74,P2,A94,A101,R4,A122,YR4,A143,A151,E1,A173,L1,A192,A201,K1
A11,D11,A34,A40,C3939,A61,A73,P1,A93,A101,R2,A121,YR2,A143,A152,E2,A172,L2,A191,A201,K1
A12,D15,A32,A45,C1514,A62,A73,P4,A93,A103,R2,A121,YR2,A143,A152,E1,A173,L1,A191,A201,K1
A14,D24,A32,A40,C7393,A61,A73,P1,A93,A101,R4,A122,YR4,A143,A152,E1,A172,L2,A191,A201,K1
A11,D24,A31,A40,C1193,A61,A71,P1,A92,A102,R4,A124,YR4,A143,A151,E2,A171,L1,A191,A201,K2
A11,D60,A32,A49,C7297,A61,A75,P4,A93,A102,R4,A124,YR4,A143,A151,E1,A173,L1,A191,A201,K2
A14,D30,A34,A43,C2831,A61,A73,P4,A92,A101,R2,A123,YR2,A143,A152,E1,A173,L1,A192,A201,K1
A13,D24,A32,A43,C1258,A63,A73,P3,A92,A101,R3,A123,YR3,A143,A152,E1,A172,L1,A191,A201,K1
A12,D6,A32,A43,C753,A61,A73,P2,A92,A103,R3,A121,YR3,A143,A152,E1,A173,L1,A191,A201,K1
A12,D18,A33,A49,C2427,A65,A75,P4,A93,A101,R2,A122,YR2,A143,A152,E2,A173,L1,A191,A201,K1
A14,D24,A33,A40,C2538,A61,A75,P4,A93,A101,R4,A123,YR4,A143,A152,E2,A172,L2,A191,A201,K2
A12,D15,A31,A40,C1264,A62,A73,P2,A94,A101,R2,A122,YR2,A143,A151,E1,A173,L1,A191,A201,K2
A12,D30,A34,A42,C8386,A61,A74,P2,A93,A101,R2,A122,YR2,A143,A152,E1,A173,L1,A191,A201,K2
A14,D48,A32,A49,C4844,A61,A71,P3,A93,A101,R2,A123,YR2,A141,A151,E1,A174,L1,A192,A201,K2
A13,D21,A32,A40,C2923,A62,A73,P1,A92,A101,R1,A123,YR1,A141,A152,E1,A174,L1,A192,A201,K1
A11,D36,A32,A41,C8229,A61,A73,P2,A93,A101,R2,A122,YR2,A143,A152,E1,A173,L2,A191,A201,K2
A14,D24,A34,A42,C2028,A61,A74,P2,A93,A101,R2,A122,YR2,A143,A152,E2,A172,L1,A191,A201,K1
A11,D15,A34,A42,C1433,A61,A73,P4,A92,A101,R3,A122,YR3,A143,A151,E2,A173,L1,A191,A201,K1
A13,D42,A30,A49,C6289,A61,A72,P2,A91,A101,R1,A122,YR1,A143,A152,E2,A173,L1,A191,A201,K1
A14,D13,A32,A43,C1409,A62,A71,P2,A92,A101,R4,A121,YR4,A143,A152,E1,A173,L1,A191,A201,K1
A11,D24,A32,A41,C6579,A61,A71,P4,A93,A101,R2,A124,YR2,A143,A153,E1,A174,L1,A192,A201,K1
A12,D24,A34,A43,C1743,A61,A75,P4,A93,A101,R2,A122,YR2,A143,A152,E2,A172,L1,A191,A201,K1
A14,D12,A34,A46,C3565,A65,A72,P2,A93,A101,R1,A122,YR1,A143,A152,E2,A172,L2,A191,A201,K1
A14,D15,A31,A43,C1569,A62,A75,P4,A93,A101,R4,A123,YR4,A141,A152,E1,A172,L2,A191,A201,K1
A11,D18,A32,A43,C1936,A65,A74,P2,A94,A101,R4,A123,YR4,A143,A151,E2,A172,L1,A191,A201,K1
A11,D36,A32,A42,C3959,A61,A71,P4,A93,A101,R3,A122,YR3,A143,A152,E1,A174,L1,A192,A201,K1
A14,D12,A32,A40,C2390,A65,A75,P4,A93,A101,R3,A123,YR3,A143,A152,E1,A173,L1,A192,A201,K1
A14,D12,A32,A42,C1736,A61,A74,P3,A92,A101,R4,A121,YR4,A143,A152,E1,A172,L1,A191,A201,K1
A11,D30,A32,A41,C3857,A61,A73,P4,A91,A101,R4,A122,YR4,A143,A152,E1,A174,L1,A192,A201,K1
A14,D12,A32,A43,C804,A61,A75,P4,A93,A101,R4,A123,YR4,A143,A152,E1,A173,L1,A191,A201,K1
A11,D45,A32,A43,C1845,A61,A73,P4,A93,A101,R4,A124,YR4,A143,A153,E1,A173,L1,A192,A201,K2
A12,D45,A34,A41,C4576,A62,A71,P3,A93,A101,R4,A123,YR4,A143,A152,E1,A173,L1,A191,A201,K1
